Frame,Green_X,Green_Y,Lime_X,Lime_Y,Distance
1,0,0,0,0,
2,0,0,0,0,
3,0,0,0,0,
4,0,0,0,0,
5,0,0,0,0,
6,0,0,0,0,
7,0,0,0,0,
8,0,0,0,0,
9,0,0,0,0,
10,0,0,0,0,
11,0,0,0,0,
12,0,0,0,0,
13,0,0,0,0,
14,0,0,0,0,
15,0,0,0,0,
16,983,593,0,0,
17,985,578,0,0,
18,986,569,0,0,
19,986,567,0,0,
20,0,0,1125,538,
21,0,0,1128,547,
22,0,0,1129,557,
23,988,592,1130,566,144.36
24,989,596,1130,571,143.2
25,989,599,1129,574,142.21
26,989,599,1128,575,141.06
27,989,600,1128,577,140.89
28,989,600,1128,577,140.89
29,988,601,1128,577,142.04
30,988,601,1127,577,141.06
31,988,601,1126,579,139.74
32,988,602,1126,579,139.9
33,988,602,1125,579,138.92
34,987,602,1125,578,140.07
35,985,601,1126,575,143.38
36,986,597,1127,570,143.56
37,988,595,1130,566,144.93
38,0,0,1132,566,
39,992,583,1136,570,144.59
40,992,584,1139,574,147.34
41,988,590,1139,580,151.33
42,986,595,1137,585,151.33
43,983,598,1135,589,152.27
44,982,600,1133,594,151.12
45,982,603,1134,596,152.16
46,983,603,1134,597,151.12
47,983,603,1134,598,151.08
48,983,604,1134,598,151.12
49,982,605,1133,599,151.12
50,980,607,1133,601,153.12
51,979,609,1133,603,154.12
52,978,612,1133,605,155.16
53,978,613,1133,607,155.12
54,980,615,1134,607,154.21
55,981,615,1134,608,153.16
56,982,615,1134,607,152.21
57,984,615,1135,606,151.27
58,986,615,1137,605,151.33
59,988,616,1138,604,150.48
60,990,617,1139,603,149.66
61,991,618,1141,602,150.85
62,993,619,1142,601,150.08
63,994,620,1144,599,151.46
64,997,620,1146,598,150.62
65,998,619,1149,597,152.59
66,1001,619,1153,595,153.88
67,1004,618,1156,593,154.04
68,1006,618,1159,591,155.36
69,1008,619,1161,589,155.91
70,1009,618,1164,586,158.27
71,1012,616,1166,583,157.5
72,1015,616,1167,579,156.44
73,1019,610,0,0,
74,1026,600,0,0,
75,1032,588,0,0,
76,1038,576,0,0,
77,1039,569,0,0,
78,1037,566,0,0,
79,1034,565,0,0,
80,1031,565,0,0,
81,1026,568,0,0,
82,1021,570,0,0,
83,1020,572,0,0,
84,1018,572,0,0,
85,1016,573,0,0,
86,1012,575,1179,562,167.51
87,1010,576,1177,563,167.51
88,1009,577,1175,564,166.51
89,1008,577,1175,565,167.43
90,1008,577,1175,565,167.43
91,1008,577,1175,567,167.3
92,0,0,1175,567,
93,0,0,1175,568,
94,1011,579,1175,569,164.3
95,1012,580,1175,570,163.31
96,1011,581,1175,570,164.37
97,1012,583,1175,570,163.52
98,0,0,1175,570,
99,1010,582,1174,571,164.37
100,0,0,1173,571,
101,0,0,1173,572,
102,1009,583,1173,572,164.37
103,0,0,1173,572,
104,1010,586,1173,573,163.52
105,1008,588,1172,573,164.68
106,1008,590,1172,575,164.68
107,1008,592,1171,575,163.88
108,1009,593,1171,575,163.0
109,1010,593,1172,575,163.0
110,1010,593,1172,575,163.0
111,1009,593,1172,574,164.1
112,1008,594,1172,573,165.34
113,1008,595,1172,571,165.75
114,1007,595,1174,567,169.33
115,1008,597,1173,563,168.47
116,1009,598,1174,557,170.02
117,1012,597,1175,551,169.37
118,1015,597,1176,545,169.19
119,1017,596,1175,537,168.66
120,1018,594,1173,530,167.69
121,1019,592,0,0,
122,0,0,0,0,
123,0,0,0,0,
124,0,0,0,0,
125,0,0,0,0,
126,0,0,0,0,
127,0,0,0,0,
128,0,0,0,0,
129,0,0,0,0,
130,0,0,0,0,
131,1012,471,0,0,
132,0,0,0,0,
133,0,0,0,0,
134,994,480,1138,456,145.99
135,987,490,1132,466,146.97
136,982,499,1128,475,147.96
137,978,508,1124,485,147.8
138,975,514,1120,493,146.51
139,0,0,1116,497,
140,0,0,1114,499,
141,0,0,1114,502,
142,0,0,1113,503,
143,0,0,1113,503,
144,0,0,1113,503,
145,0,0,1112,503,
146,0,0,1111,503,
147,0,0,1109,503,
148,0,0,1107,503,
149,0,0,1106,504,
150,0,0,1105,505,
151,0,0,1103,507,
152,0,0,1101,510,
153,0,0,1099,515,
154,0,0,1098,520,
155,0,0,1096,525,
156,0,0,1097,530,
157,0,0,1097,531,
158,0,0,1097,529,
159,0,0,1102,522,
160,0,0,1109,516,
161,965,516,1118,513,153.03
162,966,512,1124,510,158.01
163,970,510,1129,508,159.01
164,972,510,1132,508,160.01
165,976,513,1134,510,158.03
166,0,0,1135,515,
167,979,521,1135,519,156.01
168,979,524,1134,522,155.01
169,979,527,1136,524,157.03
170,980,528,1136,525,156.03
171,980,529,1137,526,157.03
172,980,530,1137,526,157.05
173,979,529,1135,525,156.05
174,978,528,1134,525,156.03
175,978,528,1132,524,154.05
176,0,0,1127,520,
177,0,0,1122,517,
178,0,0,1118,517,
179,0,0,1117,515,
180,0,0,1116,514,
181,0,0,1115,514,
182,0,0,1113,515,
183,0,0,1110,515,
184,0,0,1108,518,
185,0,0,1103,521,
186,0,0,1101,524,
187,0,0,1100,526,
188,0,0,1101,528,
189,0,0,1101,523,
190,0,0,1103,518,
191,0,0,1108,514,
192,0,0,1113,514,
193,0,0,1117,515,
194,0,0,1114,516,
195,0,0,1112,519,
196,0,0,1110,522,
197,0,0,1106,527,
198,0,0,1102,531,
199,0,0,1100,534,
200,0,0,1098,537,
201,0,0,1097,538,
202,0,0,1097,539,
203,0,0,1097,540,
204,0,0,1097,539,
205,0,0,1098,540,
206,0,0,1100,541,
207,0,0,1102,541,
208,0,0,1103,541,
209,0,0,1104,538,
210,0,0,1104,536,
211,944,575,1105,536,165.66
212,944,576,1105,536,165.89
213,944,577,1104,535,165.42
214,941,577,1103,535,167.36
215,939,577,1101,535,167.36
216,939,577,1099,536,165.17
217,936,578,1097,536,166.39
218,935,579,1095,538,165.17
219,936,581,1095,539,164.45
220,936,583,1096,540,165.68
221,938,585,1097,541,164.98
222,938,585,1097,542,164.71
223,939,586,1099,541,166.21
224,940,586,1099,540,165.52
225,942,586,1100,539,164.84
226,944,587,1101,537,164.77
227,945,586,1102,536,164.77
228,945,586,1102,533,165.7
229,946,584,1102,530,165.08
230,947,581,1102,527,164.14
231,948,577,1102,524,162.86
232,949,572,0,0,
233,947,560,0,0,
234,945,541,0,0,
235,947,523,0,0,
236,947,512,0,0,
237,947,507,0,0,
238,946,506,0,0,
239,944,505,0,0,
240,941,505,0,0,
241,937,507,0,0,
242,935,508,1098,523,163.69
243,932,511,1096,524,164.51
244,929,513,1094,525,165.44
245,928,517,1093,526,165.25
246,928,519,1092,529,164.3
247,928,521,1092,529,164.2
248,929,522,1091,531,162.25
249,929,523,1091,532,162.25
250,929,523,1091,532,162.25
251,929,524,1091,532,162.2
252,929,524,1091,532,162.2
253,928,524,1092,531,164.15
254,927,524,1092,530,165.11
255,926,523,1092,528,166.08
256,0,0,1092,526,
257,0,0,1090,525,
258,0,0,1090,521,
259,0,0,1092,513,
260,0,0,1094,501,
261,0,0,1094,491,
262,0,0,1094,483,
263,0,0,1093,475,
264,0,0,1092,467,
265,0,0,0,0,
266,942,508,0,0,
267,0,0,0,0,
268,0,0,0,0,
269,0,0,0,0,
270,954,486,0,0,
271,954,481,0,0,
272,0,0,0,0,
273,0,0,0,0,
274,0,0,0,0,
275,0,0,1070,487,
276,0,0,1066,506,
277,0,0,1062,522,
278,0,0,1057,537,
279,0,0,1053,549,
280,903,595,1052,557,153.77
281,901,602,1050,564,153.77
282,899,606,1049,567,154.99
283,898,608,1047,568,154.28
284,897,608,1046,569,154.02
285,896,608,1046,568,155.24
286,894,609,1046,569,157.18
287,893,610,1047,572,158.62
288,894,611,1046,576,155.98
289,0,0,1043,577,
290,900,608,1040,577,143.39
291,901,605,1042,576,143.95
292,904,601,1043,573,141.79
293,903,595,1043,567,142.77
294,904,589,1045,561,143.75
295,907,581,1050,557,145.0
296,908,578,1056,558,149.35
297,907,579,1059,560,153.18
298,906,583,1059,564,154.18
299,903,591,1058,570,156.42
300,903,597,1056,577,154.3
301,902,602,1053,584,152.07
302,900,607,1052,586,153.44
303,897,611,1053,587,157.84
304,895,613,1053,587,160.12
305,896,613,1054,587,160.12
306,897,611,1055,586,159.97
307,898,610,1056,586,159.81
308,900,609,1056,584,157.99
309,899,604,1055,582,157.54
310,896,600,1053,578,158.53
311,894,598,1051,573,158.98
312,892,596,1049,568,159.48
313,891,595,1045,566,156.71
314,889,595,1044,565,157.88
315,886,596,1041,564,158.27
316,884,597,1039,564,158.47
317,0,0,1038,565,
318,0,0,1036,563,
319,0,0,1034,559,
320,0,0,1035,556,
321,0,0,1035,548,
322,0,0,1035,541,
323,0,0,1037,533,
324,0,0,1039,525,
325,0,0,1039,519,
326,0,0,1038,516,
327,0,0,1037,514,
328,0,0,1037,515,
329,0,0,1036,517,
330,0,0,1034,516,
331,0,0,1032,518,
332,0,0,1032,519,
333,0,0,1031,520,
334,0,0,1031,521,
335,0,0,1032,523,
336,0,0,1032,526,
337,0,0,1029,536,
338,0,0,0,0,
339,0,0,1026,562,
340,0,0,1023,574,
341,0,0,1021,583,
342,860,613,1020,586,162.26
343,858,615,1021,588,165.22
344,858,617,1021,590,165.22
345,857,619,1022,592,167.19
346,0,0,1023,593,
347,0,0,1025,593,
348,866,623,1028,592,164.94
349,0,0,1031,590,
350,0,0,1035,588,
351,882,627,1042,585,165.42
352,0,0,1048,584,
353,897,616,0,0,
354,907,609,0,0,
355,918,604,0,0,
356,925,600,0,0,
357,929,598,0,0,
358,932,597,0,0,
359,934,596,0,0,
360,935,596,0,0,
361,936,595,0,0,
362,936,595,0,0,
363,935,594,0,0,
364,934,595,0,0,
365,932,598,0,0,
366,929,600,0,0,
367,928,603,1076,564,153.05
368,929,604,1079,567,154.5
369,929,606,1079,569,154.5
370,929,606,1080,570,155.23
371,929,608,1079,570,154.74
372,928,608,1079,572,155.23
373,927,610,1079,574,156.2
374,926,612,1078,577,155.98
375,924,614,1077,581,156.52
376,925,615,1078,583,156.31
377,0,0,1079,584,
378,928,617,1078,585,153.38
379,0,0,1079,586,
380,0,0,1080,585,
381,0,0,1082,583,
382,936,615,1082,582,149.68
383,936,612,1082,579,149.68
384,937,607,1083,575,149.47
385,940,604,1084,574,147.09
386,944,602,1085,573,143.95
387,947,601,1087,573,142.77
388,950,599,1087,573,139.45
389,951,595,1089,570,140.25
390,954,588,1091,564,139.09
391,954,579,1093,556,140.89
392,951,569,1095,547,145.67
393,950,561,1096,538,147.8
394,950,553,1095,530,146.81
395,949,546,1094,524,146.66
396,0,0,1097,517,
397,946,534,1102,514,157.28
398,0,0,1103,511,
399,0,0,1102,509,
400,0,0,1101,507,
401,0,0,1100,504,
402,0,0,0,0,
403,0,0,0,0,
404,0,0,0,0,
405,0,0,0,0,
406,0,0,1092,504,
407,932,528,1094,508,163.23
408,0,0,1094,510,
409,0,0,1097,510,
410,0,0,1101,511,
411,0,0,1107,511,
412,0,0,0,0,
413,0,0,0,0,
414,0,0,0,0,
415,0,0,0,0,
416,0,0,0,0,
417,0,0,0,0,
418,0,0,0,0,
419,0,0,0,0,
420,0,0,0,0,
421,1016,539,0,0,
422,1016,535,0,0,
423,0,0,0,0,
424,0,0,0,0,
425,0,0,0,0,
426,0,0,0,0,
427,0,0,1144,502,
428,0,0,1145,503,
429,0,0,1146,504,
430,0,0,1148,508,
431,0,0,1148,513,
432,0,0,1150,522,
433,0,0,1154,532,
434,0,0,1158,542,
435,0,0,1161,554,
436,0,0,1164,562,
437,1032,569,1168,569,136.0
438,1035,575,1173,575,138.0
439,1039,582,1178,580,139.01
440,1040,590,1180,585,140.09
441,1041,596,1181,586,140.36
442,1043,598,1186,588,143.35
443,1048,598,1189,585,141.6
444,1055,598,1194,576,140.73
445,1063,596,1202,569,141.6
446,1069,593,1207,562,141.44
447,1074,595,1213,561,143.1
448,1083,595,1221,560,142.37
449,0,0,1227,562,
450,0,0,1234,563,
451,0,0,1242,563,
452,0,0,1247,567,
453,0,0,1250,573,
454,0,0,1256,578,
455,0,0,1269,582,
456,1138,607,1277,582,141.23
457,1140,606,1281,580,143.38
458,1139,606,1282,581,145.17
459,1135,606,1282,581,149.11
460,1132,608,1281,581,151.43
461,1129,610,1277,584,150.27
462,1129,613,1274,587,147.31
463,1131,613,1275,587,146.33
464,1133,612,1276,586,145.34
465,1134,610,1277,585,145.17
466,1132,610,1278,584,148.3
467,1133,609,1280,583,149.28
468,1136,607,1281,583,146.97
469,1140,606,1283,583,144.84
470,1142,604,1288,582,147.65
471,1144,603,1290,583,147.36
472,1144,603,1290,583,147.36
473,1144,603,1290,583,147.36
474,1143,604,1288,584,146.37
475,1142,604,1288,584,147.36
476,1142,603,1287,585,146.11
477,1144,603,1288,585,145.12
478,1149,602,1293,584,145.12
479,1153,601,1296,581,144.39
480,1158,601,1300,574,144.54
481,1164,599,1305,565,145.04
482,0,0,1310,558,
483,0,0,1322,554,
484,0,0,1334,552,
485,0,0,1338,554,
486,0,0,1336,555,
487,0,0,1336,553,
488,0,0,0,0,
489,0,0,0,0,
490,0,0,0,0,
491,0,0,0,0,
492,0,0,0,0,
493,0,0,0,0,
494,0,0,0,0,
495,0,0,1344,559,
496,0,0,1342,559,
497,0,0,1340,561,
498,0,0,1339,560,
499,0,0,1337,557,
500,0,0,1337,552,
501,0,0,1337,549,
502,0,0,1336,547,
503,0,0,1334,547,
504,0,0,1330,551,
505,1196,598,1327,553,138.51
506,1194,601,1327,555,140.73
507,1192,602,1325,557,140.41
508,1192,602,1323,558,138.19
509,1192,602,1322,557,137.57
510,1189,601,1321,557,139.14
511,1188,600,1322,557,140.73
512,1187,600,1323,558,142.34
513,1184,601,1321,560,143.0
514,1182,605,1320,562,144.54
515,1181,606,1318,564,143.29
516,1179,608,1317,565,144.54
517,1175,611,1315,566,147.05
518,1174,611,1314,567,146.75
519,1173,610,1313,567,146.45
520,1175,608,1314,569,144.37
521,1175,606,1314,570,143.59
522,1171,608,1313,571,146.74
523,1165,611,1306,572,146.29
524,0,0,1290,571,
525,0,0,1279,569,
526,0,0,1272,566,
527,0,0,1268,563,
528,0,0,1267,560,
529,0,0,1265,557,
530,0,0,1265,553,
531,0,0,1265,550,
532,0,0,1266,547,
533,0,0,1267,547,
534,0,0,1267,547,
535,0,0,1267,548,
536,0,0,1267,551,
537,0,0,1266,554,
538,0,0,1265,555,
539,0,0,1265,557,
540,0,0,1263,560,
541,1133,601,1262,560,135.36
542,1132,601,1261,562,134.77
543,1132,601,1260,562,133.81
544,1133,601,1260,562,132.85
545,1132,601,1260,563,133.52
546,1132,602,1260,563,133.81
547,1132,602,1260,562,134.1
548,1132,601,1261,562,134.77
549,1132,601,1261,562,134.77
550,1133,602,1262,562,135.06
551,1133,602,1261,562,134.1
552,0,0,1260,562,
553,0,0,1260,562,
554,0,0,1261,562,
555,1131,603,1260,562,135.36
556,0,0,1255,563,
557,0,0,1246,561,
558,0,0,1237,559,
559,0,0,1230,557,
560,0,0,1227,555,
561,0,0,1225,553,
562,0,0,1224,550,
563,0,0,1222,548,
564,0,0,1220,548,
565,0,0,1217,547,
566,0,0,1216,548,
567,0,0,1213,550,
568,0,0,1212,551,
569,0,0,1211,553,
570,0,0,1209,555,
571,0,0,1206,557,
572,1071,598,1204,558,138.88
573,1070,598,1203,559,138.6
574,1068,600,1202,560,139.84
575,1065,601,1201,563,141.21
576,1063,601,1202,568,142.86
577,1063,601,1202,572,141.99
578,1062,603,1201,574,141.99
579,1060,604,1199,577,141.6
580,1057,605,1198,579,143.38
581,1055,608,1196,581,143.56
582,1053,609,1194,583,143.38
583,0,0,1192,585,
584,0,0,1190,587,
585,0,0,1186,589,
586,0,0,1179,589,
587,0,0,1171,590,
588,0,0,1168,590,
589,0,0,1165,592,
590,0,0,1164,592,
591,0,0,1162,593,
592,1028,617,1161,594,134.97
593,0,0,1160,594,
594,0,0,1158,594,
595,0,0,1158,595,
596,0,0,1156,594,
597,0,0,1155,595,
598,0,0,1152,596,
599,0,0,1150,596,
600,0,0,1150,597,
601,0,0,1149,597,
602,0,0,1149,598,
603,0,0,1149,598,
604,0,0,1150,597,
605,0,0,1150,596,
606,0,0,1151,595,
607,0,0,1151,594,
608,0,0,1152,594,
609,0,0,1152,593,
610,0,0,1153,592,
611,0,0,1154,591,
612,0,0,1155,590,
613,0,0,1157,588,
614,0,0,1158,586,
615,1023,610,1161,582,140.81
616,1025,608,1162,579,140.04
617,1028,604,0,0,
618,1030,602,0,0,
619,1034,598,0,0,
620,1037,594,0,0,
621,0,0,0,0,
622,0,0,0,0,
623,1045,576,0,0,
624,1046,569,0,0,
625,1047,562,0,0,
626,1047,559,0,0,
627,1044,560,0,0,
628,1038,562,0,0,
629,1032,566,0,0,
630,1027,568,0,0,
631,1024,570,0,0,
632,1021,573,0,0,
633,1017,576,0,0,
634,0,0,1171,577,
635,1010,581,1168,581,158.0
636,1008,584,1166,584,158.0
637,0,0,1165,585,
638,0,0,1165,585,
639,1004,590,1164,586,160.05
640,1004,592,1165,586,161.11
641,1004,593,1165,586,161.15
642,1004,592,1165,586,161.11
643,1005,593,1166,586,161.15
644,1005,592,1166,586,161.11
645,1005,594,1166,585,161.25
646,1005,593,1166,584,161.25
647,1004,593,1166,583,162.31
648,1003,593,1165,583,162.31
649,1001,594,1164,582,163.44
650,1000,595,1162,580,162.69
651,999,596,1162,577,164.1
652,1001,596,1162,573,162.63
653,1001,596,1163,568,164.4
654,1004,595,1163,561,162.59
655,1007,593,1164,553,162.02
656,0,0,1164,546,
657,0,0,1163,539,
658,0,0,1161,532,
659,0,0,1158,524,
660,0,0,1157,517,
661,0,0,0,0,
662,0,0,0,0,
663,0,0,0,0,
664,0,0,0,0,
665,0,0,0,0,
666,0,0,0,0,
667,0,0,0,0,
668,0,0,0,0,
669,0,0,0,0,
670,0,0,0,0,
671,988,475,1136,459,148.86
672,978,489,1126,472,148.97
673,971,501,1118,483,148.1
674,0,0,1112,494,
675,0,0,1108,502,
676,0,0,1106,506,
677,0,0,1106,508,
678,0,0,1107,509,
679,0,0,1107,509,
680,0,0,1106,509,
681,0,0,1105,509,
682,0,0,1103,511,
683,0,0,1101,516,
684,0,0,1099,520,
685,0,0,1099,524,
686,0,0,1100,525,
687,0,0,1100,521,
688,0,0,1101,516,
689,0,0,1109,509,
690,971,507,1120,505,149.01
691,973,505,1132,504,159.0
692,977,504,1136,504,159.0
693,979,505,1137,504,158.0
694,981,509,1137,508,156.0
695,982,514,1135,512,153.01
696,983,520,1134,518,151.01
697,984,524,1133,521,149.03
698,984,526,1134,524,150.01
699,0,0,1134,525,
700,0,0,1135,526,
701,0,0,1134,526,
702,0,0,1131,525,
703,0,0,1128,524,
704,0,0,1125,521,
705,0,0,1119,516,
706,0,0,1116,514,
707,0,0,1114,513,
708,0,0,1112,513,
709,0,0,1109,515,
710,0,0,1107,518,
711,0,0,1104,521,
712,0,0,1102,524,
713,0,0,1099,528,
714,0,0,1099,529,
715,0,0,1098,528,
716,0,0,1098,525,
717,0,0,1099,519,
718,0,0,1104,515,
719,0,0,1112,517,
720,0,0,1117,521,
721,0,0,1114,522,
722,0,0,1111,522,
723,0,0,1109,527,
724,0,0,1107,530,
725,0,0,1103,534,
726,0,0,1100,536,
727,0,0,1096,540,
728,0,0,1096,540,
729,0,0,1096,541,
730,0,0,1097,542,
731,0,0,1099,541,
732,0,0,1099,541,
733,0,0,1100,541,
734,0,0,1101,539,
735,0,0,1102,538,
736,0,0,1101,535,
737,937,573,1099,534,166.63
738,937,574,1097,533,165.17
739,934,575,1095,533,166.39
740,933,575,1095,533,167.36
741,932,575,1094,533,167.36
742,932,575,1094,532,167.61
743,932,575,1094,532,167.61
744,933,576,1094,532,166.9
745,0,0,1094,532,
746,933,579,1094,533,167.44
747,935,582,1095,536,166.48
748,937,586,1096,539,165.8
749,939,588,1097,541,164.84
750,940,590,1097,542,164.17
751,941,589,1097,542,162.93
752,942,590,1097,541,162.56
753,942,589,1098,539,163.82
754,943,590,1098,537,163.81
755,944,591,1099,535,164.81
756,946,591,1101,532,165.85
757,948,591,1102,529,166.01
758,950,589,1102,525,164.92
759,953,588,0,0,
760,957,585,0,0,
761,0,0,0,0,
762,958,563,0,0,
763,958,544,0,0,
764,960,519,0,0,
765,963,502,0,0,
766,963,495,0,0,
767,960,494,0,0,
768,952,496,0,0,
769,946,500,0,0,
770,939,504,0,0,
771,933,510,0,0,
772,929,514,1086,524,157.32
773,925,517,1085,526,160.25
774,924,520,1085,528,161.2
775,925,521,1084,530,159.25
776,926,523,1086,531,160.2
777,927,523,1088,530,161.15
778,926,523,1088,529,162.11
779,926,521,1087,529,161.2
780,926,521,1087,527,161.11
781,926,520,1087,526,161.11
782,925,520,1086,523,161.03
783,0,0,1086,521,
784,0,0,1088,517,
785,0,0,1091,511,
786,0,0,1091,505,
787,0,0,0,0,
788,936,516,0,0,
789,0,0,0,0,
790,936,509,0,0,
791,936,505,0,0,
792,938,503,0,0,
793,0,0,0,0,
794,0,0,0,0,
795,0,0,0,0,
796,948,495,0,0,
797,0,0,0,0,
798,952,490,0,0,
799,0,0,0,0,
800,0,0,0,0,
801,0,0,0,0,
802,0,0,1061,506,
803,0,0,1055,524,
804,0,0,1052,539,
805,0,0,1049,549,
806,902,594,1049,556,151.83
807,901,597,1050,561,153.29
808,901,602,1050,564,153.77
809,901,604,1050,565,154.02
810,901,605,1050,566,154.02
811,899,606,1049,567,154.99
812,897,608,1048,569,155.96
813,896,609,1047,572,155.47
814,894,612,1046,574,156.68
815,892,614,1045,578,157.18
816,0,0,1044,582,
817,0,0,1043,583,
818,0,0,1042,581,
819,0,0,1041,578,
820,901,603,1043,576,144.54
821,901,598,1043,569,144.93
822,903,592,1047,565,146.51
823,0,0,1052,562,
824,0,0,1053,561,
825,0,0,1055,563,
826,0,0,1055,566,
827,901,593,1053,570,153.73
828,900,598,1051,575,152.74
829,899,602,1048,581,150.47
830,896,608,1048,583,154.04
831,893,611,1048,585,157.17
832,891,612,1047,587,157.99
833,891,612,1047,587,157.99
834,890,612,1048,588,159.81
835,890,612,1048,587,159.97
836,890,610,1048,587,159.67
837,891,609,1048,586,158.68
838,891,605,1046,584,156.42
839,891,602,1046,581,156.42
840,889,596,1045,575,157.41
841,888,589,1044,567,157.54
842,0,0,1042,562,
843,0,0,1040,558,
844,0,0,1039,557,
845,0,0,1038,559,
846,0,0,1037,559,
847,0,0,1034,557,
848,0,0,1034,555,
849,0,0,1034,550,
850,0,0,1034,544,
851,0,0,1035,534,
852,0,0,1037,527,
853,0,0,1038,519,
854,0,0,1038,513,
855,0,0,1036,510,
856,0,0,1036,510,
857,0,0,1034,511,
858,0,0,1034,513,
859,0,0,1033,517,
860,0,0,1034,518,
861,0,0,1035,518,
862,0,0,1034,520,
863,0,0,1033,521,
864,0,0,1030,527,
865,0,0,0,0,
866,0,0,0,0,
867,0,0,0,0,
868,0,0,1017,576,
869,859,608,1016,583,158.98
870,856,613,1015,586,161.28
871,853,615,1015,589,164.07
872,852,618,1015,592,165.06
873,0,0,1016,593,
874,0,0,1018,594,
875,0,0,1022,594,
876,0,0,1024,593,
877,0,0,1029,590,
878,0,0,1036,588,
879,0,0,1041,588,
880,900,616,0,0,
881,912,610,0,0,
882,923,605,0,0,
883,931,604,0,0,
884,935,601,0,0,
885,937,601,0,0,
886,939,600,0,0,
887,942,599,0,0,
888,944,597,0,0,
889,944,596,0,0,
890,944,595,0,0,
891,945,595,0,0,
892,944,595,0,0,
893,944,596,0,0,
894,945,596,1083,563,141.89
895,946,597,1086,567,143.18
896,0,0,1091,568,
897,0,0,1092,571,
898,0,0,1094,573,
899,0,0,1097,579,
900,0,0,1101,585,
901,0,0,1108,593,
902,0,0,1114,596,
903,962,615,1116,596,155.17
904,963,617,1117,596,155.43
905,964,616,1119,595,156.42
906,966,614,1122,593,157.41
907,970,612,1125,590,156.55
908,971,607,1128,588,158.15
909,972,605,1129,586,158.15
910,972,604,1130,585,159.14
911,976,602,1131,585,155.93
912,980,599,1133,585,153.64
913,985,595,1136,583,151.48
914,988,593,1138,578,150.75
915,0,0,1139,571,
916,987,578,1142,564,155.63
917,984,574,1141,559,157.71
918,0,0,1139,555,
919,0,0,1134,552,
920,0,0,1133,549,
921,0,0,1133,548,
922,0,0,1135,545,
923,0,0,1137,542,
924,0,0,1137,540,
925,0,0,1132,536,
926,0,0,1129,534,
927,0,0,1126,532,
928,0,0,1124,530,
929,0,0,1122,530,
930,0,0,1122,530,
931,0,0,1122,529,
932,0,0,1122,529,
933,952,563,1121,528,172.59
934,951,564,1120,527,173.0
935,948,565,1120,528,175.93
936,948,567,1117,530,173.0
937,948,567,1117,530,173.0
938,950,567,1118,530,172.03
939,951,568,1118,529,171.49
940,952,569,1119,529,171.72
941,954,571,1121,528,172.45
942,0,0,1125,527,
943,0,0,1129,526,
944,0,0,0,0,
945,0,0,0,0,
946,989,550,0,0,
947,995,538,0,0,
948,995,532,0,0,
949,994,531,0,0,
950,991,529,0,0,
951,988,526,0,0,
952,982,521,0,0,
953,0,0,0,0,
954,0,0,1125,527,
955,0,0,1118,527,
956,0,0,1110,528,
957,934,524,1105,527,171.03
958,931,522,1103,526,172.05
959,929,522,1100,528,171.11
960,928,522,1098,529,170.14
961,925,522,1094,531,169.24
962,923,523,1088,534,165.37
963,0,0,1082,535,
964,0,0,1075,536,
965,0,0,1068,537,
966,0,0,1065,538,
967,0,0,1065,538,
968,0,0,1066,539,
969,918,533,1066,539,148.12
970,915,539,1066,542,151.03
971,915,544,1065,546,150.01
972,918,546,1067,549,149.03
973,919,547,1069,550,150.03
974,918,549,1070,549,152.0
975,919,549,1072,547,153.01
976,918,546,1074,544,156.01
977,919,542,1076,541,157.0
978,918,541,1077,540,159.0
979,916,542,1077,538,161.05
980,0,0,1076,538,
981,0,0,1077,539,
982,0,0,1078,539,
983,0,0,1080,536,
984,0,0,1082,533,
985,0,0,1083,532,
986,0,0,1083,531,
987,0,0,1082,529,
988,0,0,1081,529,
989,915,567,1080,527,169.78
990,913,569,1080,527,172.2
991,910,572,1078,527,173.92
992,907,574,1076,530,174.63
993,909,576,1075,532,171.73
994,909,576,1076,532,172.7
995,910,576,1076,532,171.73
996,911,575,1076,532,170.51
997,911,576,1076,533,170.51
998,911,576,1076,532,170.77
999,911,576,1076,533,170.51
1000,910,578,1076,533,171.99
1001,910,578,1076,534,171.73
1002,909,578,1073,533,170.06
1003,906,578,1067,532,167.44
1004,0,0,1061,531,
1005,0,0,1060,531,
1006,0,0,1059,531,
1007,0,0,1058,529,
1008,0,0,1058,529,
1009,899,570,1059,529,165.17
1010,0,0,1061,530,
1011,899,546,1067,531,168.67
1012,899,539,1067,531,168.19
1013,894,532,1064,529,170.03
1014,891,524,1060,528,169.05
1015,885,518,1053,526,168.19
1016,880,516,1048,526,168.3
1017,877,514,1046,525,169.36
1018,878,513,1044,527,166.59
1019,877,514,1042,529,165.68
1020,876,518,1039,530,163.44
1021,0,0,1031,531,
1022,0,0,1025,532,
1023,0,0,1016,531,
1024,0,0,1012,535,
1025,0,0,1012,540,
1026,0,0,1015,546,
1027,0,0,1019,549,
1028,0,0,1023,552,
1029,0,0,1026,555,
1030,0,0,1028,556,
1031,0,0,1030,555,
1032,0,0,0,0,
1033,0,0,0,0,
1034,0,0,1028,552,
1035,0,0,1027,550,
1036,0,0,1027,547,
1037,0,0,1029,545,
1038,0,0,1031,546,
1039,0,0,1030,546,
1040,874,568,1030,544,157.84
1041,875,567,1030,544,156.7
1042,0,0,1030,543,
1043,0,0,1031,543,
1044,0,0,1030,545,
1045,878,563,1031,547,153.83
1046,0,0,1030,547,
1047,878,559,1028,545,150.65
1048,878,557,1025,542,147.76
1049,877,556,1023,538,147.11
1050,875,554,1019,535,145.25
1051,0,0,1017,533,
1052,0,0,1017,531,
1053,0,0,1014,528,
1054,0,0,1013,526,
1055,0,0,1011,523,
1056,0,0,1007,520,
1057,0,0,0,0,
1058,0,0,0,0,
1059,0,0,0,0,
1060,0,0,0,0,
1061,0,0,991,529,
1062,0,0,987,530,
1063,0,0,985,530,
1064,0,0,982,530,
1065,0,0,976,528,
1066,0,0,973,528,
1067,0,0,972,527,
1068,0,0,972,527,
1069,0,0,972,528,
1070,0,0,971,528,
1071,0,0,971,528,
1072,0,0,971,528,
1073,0,0,970,527,
1074,0,0,971,527,
1075,0,0,975,528,
1076,0,0,982,526,
1077,0,0,992,524,
1078,0,0,1001,525,
1079,0,0,1004,530,
1080,0,0,1006,534,
1081,0,0,1010,538,
1082,0,0,1012,540,
1083,0,0,1012,539,
1084,0,0,1012,537,
1085,0,0,1012,532,
1086,0,0,1011,530,
1087,0,0,1011,526,
1088,0,0,1011,523,
1089,0,0,1010,519,
1090,0,0,1011,515,
1091,0,0,1012,511,
1092,0,0,1011,508,
1093,0,0,1010,506,
1094,0,0,1012,506,
1095,0,0,1015,505,
1096,0,0,1015,503,
1097,0,0,1015,501,
1098,0,0,1015,499,
1099,0,0,1015,498,
1100,0,0,1015,497,
1101,0,0,1015,496,
1102,0,0,1015,496,
1103,872,507,1016,495,144.5
1104,874,508,1017,494,143.68
1105,875,508,1019,494,144.68
1106,876,509,1020,493,144.89
1107,875,510,1020,494,145.88
1108,0,0,1019,495,
1109,0,0,1017,495,
1110,0,0,1018,492,
1111,0,0,1017,488,
1112,0,0,1017,482,
1113,0,0,1019,478,
1114,0,0,1020,471,
1115,0,0,1020,462,
1116,885,504,1020,453,144.31
1117,0,0,1023,441,
1118,0,0,0,0,
1119,0,0,0,0,
1120,0,0,0,0,
1121,0,0,0,0,
1122,0,0,0,0,
1123,0,0,0,0,
1124,0,0,0,0,
1125,0,0,0,0,
1126,0,0,0,0,
1127,0,0,0,0,
1128,1072,473,0,0,
1129,1077,480,0,0,
1130,1072,493,0,0,
1131,1064,506,0,0,
1132,1055,518,0,0,
1133,1044,526,1215,556,173.61
1134,1034,533,1204,562,172.46
1135,1027,536,1199,563,174.11
1136,1023,534,1195,562,174.26
1137,1021,532,1192,562,173.61
1138,1023,529,1192,563,172.39
1139,1024,526,1192,563,172.03
1140,1025,529,1191,564,169.65
1141,1025,532,1192,566,170.43
1142,1025,534,1193,566,171.02
1143,1025,534,1194,567,172.19
1144,1026,534,1196,565,172.8
1145,1027,534,1199,564,174.6
1146,1029,534,1201,563,174.43
1147,1030,533,1203,563,175.58
1148,1030,533,1204,562,176.4
1149,1030,534,1205,561,177.07
1150,1031,534,1206,559,176.78
1151,1033,535,1208,558,176.5
1152,1036,537,1211,558,176.26
1153,1041,539,1216,558,176.03
1154,1048,542,1220,558,172.74
1155,1053,547,1225,559,172.42
1156,1061,552,1232,562,171.29
1157,1068,555,1239,563,171.19
1158,1075,559,1246,563,171.05
1159,1083,562,1252,564,169.01
1160,1090,566,1257,564,167.01
1161,1098,569,0,0,
1162,1105,570,0,0,
1163,1109,573,0,0,
1164,1112,576,0,0,
1165,1114,577,0,0,
1166,1115,577,0,0,
1167,1114,576,0,0,
1168,1112,573,0,0,
1169,1110,568,0,0,
1170,1107,564,0,0,
1171,1101,559,0,0,
1172,0,0,0,0,
1173,0,0,0,0,
1174,0,0,0,0,
1175,0,0,1245,547,
1176,0,0,1241,545,
1177,0,0,1233,542,
1178,0,0,1223,540,
1179,0,0,1212,534,
1180,0,0,1205,530,
1181,0,0,1199,527,
1182,0,0,1196,530,
1183,1030,526,1196,533,166.15
1184,1031,528,1197,534,166.11
1185,0,0,1200,534,
1186,0,0,1204,534,
1187,0,0,1207,534,
1188,1044,550,1210,535,166.68
1189,1050,556,1217,539,167.86
1190,0,0,1222,539,
1191,0,0,1229,540,
1192,0,0,1234,542,
1193,0,0,1238,545,
1194,1079,582,1239,545,164.22
1195,1079,583,1239,546,164.22
1196,1079,581,1238,545,163.02
1197,1078,575,1238,544,162.98
1198,0,0,1236,542,
1199,0,0,1233,542,
1200,0,0,1227,542,
1201,0,0,1220,543,
1202,0,0,1217,540,
1203,1055,532,1213,537,158.08
1204,1049,528,1208,536,159.2
1205,0,0,1200,532,
1206,0,0,1190,530,
1207,0,0,1183,532,
1208,0,0,1180,536,
1209,0,0,1181,537,
1210,0,0,1184,535,
1211,0,0,1187,533,
1212,0,0,1192,533,
1213,0,0,1193,533,
1214,1051,554,1199,532,149.63
1215,1054,559,1203,534,151.08
1216,1055,567,0,0,
1217,1055,572,0,0,
1218,1055,571,0,0,
1219,1055,567,0,0,
1220,1053,562,0,0,
1221,0,0,0,0,
1222,0,0,0,0,
1223,0,0,0,0,
1224,0,0,1192,525,
1225,0,0,1187,523,
1226,0,0,1176,523,
1227,0,0,1170,524,
1228,0,0,1162,525,
1229,0,0,1155,531,
1230,0,0,1147,536,
1231,0,0,1143,540,
1232,0,0,1144,544,
1233,0,0,1145,546,
1234,0,0,1146,549,
1235,0,0,1149,552,
1236,0,0,1155,555,
1237,0,0,1159,557,
1238,1008,571,1162,563,154.21
1239,1008,578,1162,567,154.39
1240,1007,582,0,0,
1241,1006,584,0,0,
1242,1004,584,0,0,
1243,1003,584,0,0,
1244,999,584,0,0,
1245,993,583,1151,562,159.39
1246,986,581,1148,560,163.36
1247,978,578,1142,557,165.34
1248,0,0,1135,555,
1249,0,0,1122,552,
1250,0,0,1111,551,
1251,0,0,1104,551,
1252,935,578,1102,553,168.86
1253,0,0,1102,553,
1254,0,0,1108,553,
1255,0,0,1113,549,
1256,0,0,1119,544,
1257,0,0,1128,541,
1258,0,0,1132,538,
1259,0,0,0,0,
1260,979,569,0,0,
1261,0,0,0,0,
1262,0,0,0,0,
1263,0,0,0,0,
1264,0,0,0,0,
1265,0,0,0,0,
1266,0,0,1119,517,
1267,0,0,1110,515,
1268,934,526,1100,511,166.68
1269,0,0,1093,511,
1270,0,0,1091,517,
1271,0,0,1094,521,
1272,0,0,1098,523,
1273,0,0,1102,520,
1274,0,0,1107,523,
1275,0,0,1112,526,
1276,0,0,1118,530,
1277,0,0,1124,532,
1278,0,0,1129,531,
1279,970,559,1135,531,167.36
1280,974,559,1136,532,164.23
1281,976,559,1139,530,165.56
1282,976,558,1140,530,166.37
1283,0,0,1138,528,
1284,0,0,0,0,
1285,0,0,0,0,
1286,0,0,1111,523,
1287,0,0,1095,525,
1288,0,0,1075,522,
1289,0,0,1059,516,
1290,0,0,1042,513,
1291,0,0,1031,515,
1292,0,0,1024,515,
1293,0,0,1016,515,
1294,0,0,1013,513,
1295,0,0,1014,513,
1296,0,0,1012,515,
1297,0,0,1007,516,
1298,0,0,1001,521,
1299,0,0,994,527,
1300,813,527,987,530,174.03
1301,811,524,986,530,175.1
1302,811,519,985,528,174.23
1303,808,516,983,525,175.23
1304,804,516,981,524,177.18
1305,802,520,977,525,175.07
1306,800,522,976,527,176.07
1307,0,0,974,532,
1308,0,0,974,537,
1309,0,0,977,543,
1310,0,0,984,550,
1311,0,0,996,556,
1312,0,0,1006,558,
1313,0,0,1016,559,
1314,0,0,1024,559,
1315,0,0,0,0,
1316,0,0,0,0,
1317,0,0,0,0,
1318,0,0,0,0,
1319,0,0,0,0,
1320,0,0,0,0,
1321,0,0,1079,558,
1322,0,0,1083,558,
1323,0,0,1099,561,
1324,0,0,1112,566,
1325,0,0,1124,572,
1326,0,0,1134,577,
1327,0,0,1136,580,
1328,0,0,1140,583,
1329,1014,602,1143,584,130.25
1330,1020,603,1147,581,128.89
1331,0,0,1154,577,
1332,0,0,1166,569,
1333,0,0,0,0,
1334,0,0,0,0,
1335,0,0,0,0,
1336,0,0,0,0,
1337,0,0,1276,571,
1338,0,0,1283,573,
1339,0,0,1286,574,
1340,0,0,1287,574,
1341,0,0,1285,572,
1342,0,0,1281,569,
1343,0,0,1280,568,
1344,0,0,1278,568,
1345,0,0,1275,566,
1346,0,0,1271,564,
1347,0,0,1269,563,
1348,0,0,0,0,
1349,1120,572,0,0,
1350,1118,572,0,0,
1351,1115,569,0,0,
1352,1111,568,0,0,
1353,1105,564,0,0,
1354,0,0,0,0,
1355,0,0,0,0,
1356,0,0,0,0,
1357,0,0,1234,544,
1358,1057,528,1223,541,166.51
1359,0,0,1213,540,
1360,0,0,1203,537,
1361,0,0,1196,533,
1362,1027,517,1193,535,166.97
1363,1026,520,1192,538,166.97
1364,0,0,1197,544,
1365,0,0,1206,544,
1366,0,0,1214,543,
1367,0,0,1222,543,
1368,0,0,1234,544,
1369,0,0,1241,544,
1370,0,0,1244,545,
1371,0,0,0,0,
1372,0,0,0,0,
1373,1087,573,0,0,
1374,1084,568,0,0,
1375,0,0,0,0,
1376,1072,555,1231,537,160.02
1377,0,0,1223,538,
1378,0,0,1215,539,
1379,1051,534,1208,538,157.05
1380,0,0,1202,536,
1381,1038,522,1195,537,157.71
1382,1028,522,1187,535,159.53
1383,1024,522,1179,535,155.54
1384,0,0,1173,538,
1385,0,0,1173,541,
1386,0,0,1176,541,
1387,0,0,1181,539,
1388,0,0,1186,537,
1389,0,0,1191,535,
1390,0,0,1196,537,
1391,0,0,1200,540,
1392,1053,574,0,0,
1393,1057,579,0,0,
1394,1058,579,0,0,
1395,1058,579,0,0,
1396,1056,574,0,0,
1397,1053,569,0,0,
1398,0,0,0,0,
1399,1043,555,0,0,
1400,0,0,1187,531,
1401,0,0,1179,534,
1402,0,0,1171,535,
1403,0,0,1163,536,
1404,0,0,1156,539,
1405,0,0,1151,545,
1406,0,0,1145,551,
1407,0,0,1141,555,
1408,0,0,1142,558,
1409,0,0,1145,559,
1410,0,0,1148,560,
1411,0,0,1152,562,
1412,0,0,1160,565,
1413,0,0,1167,569,
1414,1015,591,1172,573,158.03
1415,1016,596,0,0,
1416,1018,599,0,0,
1417,1018,602,0,0,
1418,1017,604,0,0,
1419,1014,606,0,0,
1420,1010,608,0,0,
1421,1005,609,1162,580,159.66
1422,998,609,1156,583,160.12
1423,987,610,1147,584,162.1
1424,973,610,1136,584,165.06
1425,957,611,1122,586,166.88
1426,945,610,1112,589,168.32
1427,937,609,1105,593,168.76
1428,934,610,1101,596,167.59
1429,934,613,1100,599,166.59
1430,938,616,1101,601,163.69
1431,944,619,1107,604,163.69
1432,955,623,1114,603,160.25
1433,0,0,1125,602,
1434,982,621,1138,598,157.69
1435,998,618,1149,592,153.22
1436,1015,614,1160,582,148.49
1437,1031,611,1171,575,144.55
1438,0,0,1178,564,
1439,0,0,1183,561,
1440,0,0,1196,559,
1441,0,0,0,0,
1442,0,0,0,0,
1443,0,0,1259,580,
1444,0,0,1279,585,
1445,0,0,1289,588,
1446,0,0,1293,587,
1447,1159,620,1299,586,144.07
1448,1171,616,1305,582,138.25
1449,1182,612,1309,576,132.0
1450,0,0,1318,572,
1451,0,0,1330,567,
1452,0,0,1335,569,
1453,0,0,1340,570,
1454,0,0,1347,570,
1455,0,0,1350,567,
1456,0,0,0,0,
1457,0,0,0,0,
1458,0,0,0,0,
1459,0,0,1374,563,
1460,0,0,0,0,
1461,0,0,1386,569,
1462,0,0,1389,569,
1463,0,0,1390,567,
1464,0,0,1392,565,
1465,0,0,0,0,
1466,0,0,0,0,
1467,0,0,1421,582,
1468,0,0,0,0,
1469,0,0,1443,596,
1470,0,0,1445,597,
1471,0,0,1447,594,
1472,1317,618,1450,592,135.52
1473,0,0,1455,586,
1474,0,0,1460,582,
1475,0,0,1464,576,
1476,0,0,0,0,
1477,0,0,1483,578,
1478,0,0,1490,581,
1479,0,0,1495,585,
1480,0,0,1498,586,
1481,0,0,1499,586,
1482,0,0,1501,585,
1483,0,0,1503,585,
1484,0,0,1506,584,
1485,0,0,1509,584,
1486,0,0,1512,583,
1487,0,0,1515,581,
1488,1401,609,1523,581,125.17
1489,1408,609,1529,580,124.43
1490,0,0,1534,583,
1491,0,0,1541,587,
1492,0,0,1552,590,
1493,0,0,1560,590,
1494,0,0,1560,590,
1495,0,0,1558,590,
1496,0,0,1557,587,
1497,1428,614,1558,585,133.2
1498,1435,610,1560,581,128.32
1499,0,0,1563,576,
1500,0,0,1566,573,
1501,0,0,0,0,
1502,0,0,1587,579,
1503,0,0,1599,585,
1504,0,0,1612,593,
1505,0,0,1624,599,
1506,0,0,1629,601,
1507,0,0,1630,603,
1508,1488,609,1630,604,142.09
1509,1487,607,1632,603,145.06
1510,1487,601,1633,601,146.0
1511,1490,591,0,0,
1512,1494,583,0,0,
1513,0,0,0,0,
1514,1480,563,0,0,
1515,0,0,0,0,
1516,0,0,0,0,
1517,0,0,0,0,
1518,0,0,0,0,
1519,0,0,0,0,
1520,0,0,0,0,
1521,0,0,0,0,
1522,1064,501,0,0,
1523,1046,507,0,0,
1524,0,0,1202,547,
1525,1029,521,1197,556,171.61
1526,1031,526,1198,560,170.43
1527,1033,532,1201,565,171.21
1528,1038,538,1207,569,171.82
1529,1045,543,1216,572,173.44
1530,1050,549,1222,574,173.81
1531,1055,553,1227,574,173.28
1532,1061,559,1231,574,170.66
1533,0,0,1236,573,
1534,0,0,1240,572,
1535,0,0,1249,575,
1536,0,0,1257,575,
1537,0,0,1265,575,
1538,1107,581,0,0,
1539,1112,579,0,0,
1540,1115,572,0,0,
1541,1114,567,0,0,
1542,1109,561,0,0,
1543,1101,555,0,0,
1544,1093,547,0,0,
1545,0,0,0,0,
1546,0,0,0,0,
1547,0,0,1233,541,
1548,0,0,1223,540,
1549,0,0,1213,537,
1550,1039,521,1205,533,166.43
1551,1036,523,1201,534,165.37
1552,0,0,1199,536,
1553,1034,532,1200,539,166.15
1554,0,0,1204,543,
1555,0,0,1210,547,
1556,0,0,1216,546,
1557,0,0,1226,546,
1558,0,0,1236,547,
1559,0,0,1247,546,
1560,0,0,1252,545,
1561,1101,588,0,0,
1562,1104,585,0,0,
1563,1104,581,0,0,
1564,1100,576,0,0,
1565,1095,570,0,0,
1566,1088,563,1249,537,163.09
1567,0,0,1241,535,
1568,0,0,1236,535,
1569,0,0,1226,534,
1570,0,0,1215,536,
1571,0,0,1204,537,
1572,0,0,1192,535,
1573,0,0,1181,537,
1574,0,0,1178,544,
1575,0,0,1179,549,
1576,0,0,1181,548,
1577,0,0,1186,546,
1578,0,0,1190,543,
1579,0,0,1198,543,
1580,0,0,1207,542,
1581,0,0,1211,543,
1582,0,0,0,0,
1583,1072,586,0,0,
1584,1075,586,0,0,
1585,1075,585,0,0,
1586,1074,579,0,0,
1587,1073,572,0,0,
1588,1067,564,0,0,
1589,0,0,0,0,
1590,0,0,0,0,
1591,0,0,1189,532,
1592,0,0,1180,529,
1593,0,0,1169,531,
1594,0,0,1161,533,
1595,0,0,1155,541,
1596,0,0,1149,547,
1597,0,0,1144,554,
1598,0,0,1143,561,
1599,0,0,1144,565,
1600,0,0,1148,569,
1601,0,0,1151,569,
1602,0,0,1154,571,
1603,0,0,1159,571,
1604,0,0,1164,573,
1605,1014,593,1170,575,157.04
1606,1014,598,0,0,
1607,1015,599,0,0,
1608,1015,598,0,0,
1609,1014,596,0,0,
1610,1012,594,0,0,
1611,1009,589,0,0,
1612,1005,585,0,0,
1613,997,582,0,0,
1614,985,577,1149,557,165.22
1615,977,574,1142,555,166.09
1616,0,0,1131,552,
1617,0,0,1120,548,
1618,0,0,1110,548,
1619,0,0,1103,549,
1620,0,0,1100,551,
1621,0,0,1101,553,
1622,0,0,1110,554,
1623,0,0,1117,551,
1624,0,0,1124,548,
1625,0,0,1132,543,
1626,0,0,1137,542,
1627,0,0,1141,539,
1628,985,571,0,0,
1629,984,568,1146,537,164.94
1630,0,0,0,0,
1631,0,0,0,0,
1632,0,0,0,0,
1633,961,538,1128,522,167.76
1634,0,0,1119,519,
1635,941,527,1110,517,169.3
1636,0,0,1101,515,
1637,0,0,1094,517,
1638,0,0,1093,522,
1639,0,0,1094,525,
1640,0,0,1098,527,
1641,0,0,1100,527,
1642,0,0,1105,532,
1643,939,544,1110,535,171.24
1644,945,546,1115,535,170.36
1645,0,0,1123,536,
1646,0,0,1128,533,
1647,965,553,1132,532,168.32
1648,970,551,0,0,
1649,973,549,0,0,
1650,974,547,0,0,
1651,970,541,0,0,
1652,964,534,0,0,
1653,0,0,0,0,
1654,0,0,0,0,
1655,0,0,1100,514,
1656,0,0,1077,507,
1657,0,0,1061,501,
1658,0,0,1046,500,
1659,0,0,1039,504,
1660,0,0,1031,504,
1661,0,0,1024,505,
1662,0,0,1019,506,
1663,0,0,1018,507,
1664,0,0,1018,510,
1665,0,0,1017,514,
1666,0,0,1011,515,
1667,0,0,1003,520,
1668,0,0,995,522,
1669,0,0,0,0,
1670,808,512,981,521,173.23
1671,801,509,975,519,174.29
1672,796,510,970,519,174.23
1673,0,0,966,522,
1674,0,0,965,528,
1675,0,0,971,536,
1676,0,0,977,542,
1677,0,0,985,549,
1678,0,0,993,552,
1679,0,0,1003,552,
1680,0,0,1013,556,
1681,0,0,1024,559,
1682,0,0,0,0,
1683,0,0,0,0,
1684,0,0,0,0,
1685,0,0,0,0,
1686,0,0,0,0,
1687,0,0,0,0,
1688,0,0,0,0,
1689,0,0,1072,557,
1690,0,0,1087,561,
1691,0,0,1104,569,
1692,0,0,1119,574,
1693,0,0,1130,581,
1694,0,0,1139,585,
1695,0,0,1144,585,
1696,0,0,1148,585,
1697,1025,601,1154,582,130.39
1698,1034,601,1160,578,128.08
1699,0,0,1170,571,
1700,0,0,0,0,
1701,0,0,0,0,
1702,0,0,0,0,
1703,0,0,0,0,
1704,0,0,1277,573,
1705,0,0,1283,579,
1706,0,0,1288,580,
1707,0,0,1289,583,
1708,0,0,1289,582,
1709,0,0,1287,581,
1710,0,0,1284,580,
1711,0,0,1283,579,
1712,0,0,1281,577,
1713,0,0,1276,575,
1714,0,0,1273,574,
1715,0,0,0,0,
1716,0,0,0,0,
1717,0,0,0,0,
1718,1123,574,0,0,
1719,1122,568,0,0,
1720,1122,561,0,0,
1721,1120,552,0,0,
1722,1116,544,0,0,
1723,0,0,0,0,
1724,0,0,0,0,
1725,0,0,0,0,
1726,0,0,1242,523,
1727,1070,514,1233,521,163.15
1728,1051,516,1221,523,170.14
1729,0,0,1207,519,
1730,0,0,1195,518,
1731,1027,518,1189,521,162.03
1732,1026,520,1189,524,163.05
1733,1028,525,1193,530,165.08
1734,0,0,1199,534,
1735,0,0,1206,534,
1736,0,0,1215,535,
1737,0,0,1227,537,
1738,0,0,1237,537,
1739,0,0,1244,538,
1740,1091,575,1249,540,161.83
1741,1095,577,0,0,
1742,1097,577,0,0,
1743,1097,574,0,0,
1744,1094,569,0,0,
1745,1088,563,0,0,
1746,1081,555,1237,530,157.99
1747,1073,545,1230,528,157.92
1748,1065,536,1223,528,158.2
1749,1058,530,1215,527,157.03
1750,1052,523,1206,527,154.05
1751,1042,519,1198,529,156.32
1752,0,0,1189,529,
1753,0,0,1178,530,
1754,0,0,1175,533,
1755,0,0,1176,536,
1756,0,0,1179,539,
1757,0,0,1182,539,
1758,0,0,1187,539,
1759,0,0,1194,541,
1760,0,0,1199,542,
1761,0,0,1206,545,
1762,1060,576,0,0,
1763,1064,580,0,0,
1764,1066,583,0,0,
1765,1063,584,0,0,
1766,1063,582,0,0,
1767,1058,577,0,0,
1768,0,0,0,0,
1769,0,0,0,0,
1770,0,0,0,0,
1771,0,0,1187,536,
1772,0,0,1178,536,
1773,0,0,1168,538,
1774,0,0,1158,538,
1775,0,0,1148,539,
1776,0,0,1142,542,
1777,0,0,1139,547,
1778,0,0,1139,552,
1779,0,0,1141,555,
1780,0,0,1144,556,
1781,0,0,1148,556,
1782,0,0,1156,556,
1783,0,0,1163,556,
1784,0,0,1166,560,
1785,1017,576,0,0,
1786,1021,580,0,0,
1787,1024,581,0,0,
1788,1026,584,0,0,
1789,1026,585,0,0,
1790,1026,588,0,0,
1791,1021,592,0,0,
1792,1017,595,0,0,
1793,1011,595,0,0,
1794,1006,593,1163,569,158.82
1795,1000,591,1155,570,156.42
1796,990,589,1148,569,159.26
1797,979,590,1140,569,162.36
1798,968,593,1132,570,165.6
1799,958,597,1123,572,166.88
1800,948,601,1117,577,170.7
1801,944,606,1112,583,169.57
1802,944,611,1112,590,169.31
1803,947,615,1113,594,167.32
1804,955,619,1117,597,163.49
1805,0,0,1124,598,
1806,976,623,1133,598,158.98
1807,988,621,1143,596,157.0
1808,1004,619,1156,592,154.38
1809,1016,616,1164,585,151.21
1810,1028,614,1172,576,148.93
1811,1043,611,1177,565,141.68
1812,1059,611,0,0,
1813,1075,613,0,0,
1814,1096,613,0,0,
1815,0,0,0,0,
1816,0,0,0,0,
1817,0,0,0,0,
1818,0,0,1285,587,
1819,0,0,1290,588,
1820,0,0,1295,588,
1821,0,0,1304,586,
1822,1171,618,1309,582,142.62
1823,1181,612,1314,576,137.79
1824,0,0,1318,570,
1825,0,0,1330,567,
1826,0,0,1342,565,
1827,0,0,1347,568,
1828,0,0,0,0,
1829,0,0,0,0,
1830,0,0,0,0,
1831,0,0,1363,565,
1832,0,0,0,0,
1833,0,0,0,0,
1834,0,0,0,0,
1835,0,0,0,0,
1836,0,0,1380,571,
1837,0,0,1388,572,
1838,0,0,1390,571,
1839,0,0,1395,570,
1840,0,0,1402,568,
1841,0,0,1413,572,
1842,0,0,1424,581,
1843,0,0,1441,587,
1844,0,0,1449,593,
1845,0,0,1450,594,
1846,0,0,1452,594,
1847,0,0,1453,587,
1848,0,0,1458,582,
1849,0,0,1464,577,
1850,0,0,1467,574,
1851,0,0,1470,572,
1852,0,0,0,0,
1853,0,0,1493,583,
1854,0,0,1500,587,
1855,0,0,1502,590,
1856,0,0,1502,590,
1857,0,0,1503,588,
1858,0,0,1506,587,
1859,0,0,1506,587,
1860,0,0,1510,585,
1861,0,0,1512,586,
1862,1386,616,1515,586,132.44
1863,1392,615,1517,586,128.32
1864,1401,613,0,0,
1865,1409,613,0,0,
1866,1410,617,1535,588,128.32
1867,0,0,1540,593,
1868,0,0,1553,596,
1869,0,0,1563,600,
1870,0,0,1565,600,
1871,0,0,1566,599,
1872,0,0,1567,599,
1873,0,0,1570,597,
1874,1440,618,1572,593,134.35
1875,1446,615,1574,588,130.82
1876,1450,612,1576,585,128.86
1877,0,0,1577,581,
1878,0,0,1585,580,
1879,0,0,1590,581,
1880,0,0,1594,585,
1881,0,0,1598,591,
1882,0,0,1608,596,
1883,1480,617,1616,601,136.94
1884,1483,617,1620,602,137.82
1885,1485,616,1625,604,140.51
1886,1486,614,1625,606,139.23
1887,1487,613,1626,605,139.23
1888,1489,612,1627,605,138.18
1889,1488,611,1629,604,141.17
1890,1487,610,1630,604,143.13
1891,1486,610,1631,604,145.12
1892,1486,609,1632,604,146.09
1893,1486,609,1634,604,148.08
1894,1486,608,1636,604,150.05
1895,1486,607,1637,602,151.08
1896,1486,606,1637,600,151.12
1897,1489,605,1639,599,150.12
1898,1490,605,1642,596,152.27
1899,1493,603,1644,594,151.27
1900,1494,603,1646,591,152.47
1901,1495,600,1650,586,155.63
1902,1497,597,0,0,
1903,1502,591,0,0,
1904,1508,586,0,0,
1905,1513,579,0,0,
1906,1518,572,0,0,
1907,1519,566,0,0,
1908,1519,561,0,0,
1909,1518,556,0,0,
1910,1519,545,0,0,
1911,0,0,0,0,
1912,1512,520,0,0,
1913,0,0,0,0,
1914,0,0,0,0,
1915,0,0,0,0,
1916,0,0,0,0,
1917,0,0,0,0,
1918,0,0,0,0,
1919,0,0,0,0,
1920,0,0,0,0,
1921,0,0,0,0,
1922,0,0,0,0,
1923,0,0,0,0,
1924,0,0,0,0,
1925,0,0,0,0,
1926,0,0,0,0,
1927,0,0,0,0,
1928,0,0,1180,589,
1929,992,598,1164,605,172.14
1930,984,609,1156,618,172.24
1931,978,619,1149,625,171.11
1932,976,622,1146,628,170.11
1933,976,623,1146,629,170.11
1934,976,623,1147,630,171.14
1935,976,622,1147,630,171.19
1936,976,622,1148,630,172.19
1937,975,622,1148,629,173.14
1938,975,622,1149,629,174.14
1939,975,622,1149,629,174.14
1940,975,623,1150,629,175.1
1941,976,623,1150,629,174.1
1942,977,624,1152,629,175.07
1943,977,627,1152,630,175.03
1944,980,629,1154,631,174.01
1945,982,629,1156,631,174.01
1946,984,631,1158,631,174.0
1947,985,630,1160,630,175.0
1948,985,630,1161,629,176.0
1949,985,629,1161,627,176.01
1950,985,628,1161,627,176.0
1951,985,628,1161,625,176.03
1952,986,628,1163,625,177.03
1953,987,628,1164,626,177.01
1954,988,629,1164,626,176.03
1955,987,629,1164,627,177.01
1956,988,629,1164,626,176.03
1957,988,628,1163,627,175.0
1958,989,627,1162,626,173.0
1959,989,627,1162,623,173.05
1960,990,627,0,0,
1961,990,627,0,0,
1962,990,628,0,0,
1963,990,628,0,0,
1964,990,628,1163,620,173.18
1965,992,629,1164,620,172.24
1966,993,630,1165,620,172.29
1967,995,633,1167,620,172.49
1968,999,637,1173,620,174.83
1969,1006,644,1179,620,174.66
1970,1011,649,1183,621,174.26
1971,1013,655,1184,622,174.16
1972,1016,660,1186,622,174.2
1973,1019,665,1186,623,172.2
1974,1021,670,1187,622,172.8
1975,1026,672,1190,620,172.05
1976,1031,674,1193,618,171.41
1977,1034,677,1194,617,170.88
1978,1036,681,1194,617,170.47
1979,1039,684,1196,616,171.09
1980,1044,688,1198,616,170.0
1981,1048,692,1199,616,169.05
1982,1052,696,1201,616,169.12
1983,0,0,1202,616,
1984,0,0,1204,616,
1985,0,0,1205,616,
1986,0,0,1206,616,
1987,0,0,1207,615,
1988,0,0,1208,613,
1989,0,0,1209,612,
1990,0,0,1209,610,
1991,0,0,1210,609,
1992,0,0,1211,607,
1993,0,0,1212,605,
1994,0,0,1212,603,
1995,0,0,1212,602,
1996,0,0,1214,601,
1997,0,0,1215,600,
1998,0,0,1215,599,
1999,0,0,1215,599,
2000,0,0,1216,598,
2001,0,0,1216,597,
2002,0,0,1216,595,
2003,0,0,1216,593,
2004,0,0,1214,590,
2005,0,0,0,0,
2006,0,0,0,0,
2007,1098,675,0,0,
2008,1096,663,0,0,
2009,1091,656,0,0,
2010,1087,652,0,0,
2011,1082,649,1220,565,161.55
2012,1075,650,0,0,
2013,1070,650,1211,570,162.11
2014,1068,648,1209,571,160.65
2015,1065,647,0,0,
2016,1062,647,0,0,
2017,1059,647,0,0,
2018,1057,648,0,0,
2019,1055,649,0,0,
2020,1054,650,0,0,
2021,1053,651,0,0,
2022,1049,651,0,0,
2023,1048,655,0,0,
2024,1044,657,1198,588,168.75
2025,1043,657,1198,588,169.66
2026,1045,656,1199,589,167.94
2027,1046,657,1199,590,167.03
2028,1047,658,1200,590,167.43
2029,1048,658,1201,591,167.03
2030,1049,655,0,0,
2031,1050,654,0,0,
2032,1051,654,0,0,
2033,1051,653,0,0,
2034,1052,653,0,0,
2035,1052,653,0,0,
2036,1053,654,0,0,
2037,1053,653,1206,586,167.03
2038,1052,653,1205,586,167.03
2039,1051,651,1205,587,166.77
2040,1051,648,1208,587,168.43
2041,1051,644,0,0,
2042,1052,641,0,0,
2043,1053,639,0,0,
2044,1054,638,0,0,
2045,1054,636,0,0,
2046,1055,635,0,0,
2047,1055,634,0,0,
2048,1055,634,0,0,
2049,1053,634,0,0,
2050,1052,634,0,0,
2051,1050,633,0,0,
2052,1048,635,0,0,
2053,1047,636,0,0,
2054,1046,637,1204,585,166.34
2055,1045,636,1204,585,166.98
2056,1045,636,1203,585,166.03
2057,1046,637,1204,585,166.34
2058,1047,638,1204,584,166.03
2059,1046,639,1205,584,168.24
2060,1047,640,1205,584,167.63
2061,1047,639,1205,585,166.97
2062,1049,639,1206,585,166.03
2063,1049,638,1206,585,165.7
2064,1050,638,1207,584,166.03
2065,1051,637,1207,583,165.08
2066,1053,636,1207,581,163.53
2067,1053,634,1208,579,164.47
2068,1055,632,1208,577,162.59
2069,1057,631,1208,574,161.4
2070,1059,628,1208,570,159.89
2071,1062,625,1209,567,158.03
2072,1067,621,1212,563,156.17
2073,1072,616,1215,559,153.94
2074,1077,612,1218,556,151.71
2075,1081,608,1220,553,149.49
2076,1085,606,1221,550,147.08
2077,1088,604,1224,547,147.46
2078,1091,602,0,0,
2079,1094,600,0,0,
2080,1098,599,0,0,
2081,1101,599,0,0,
2082,1103,598,0,0,
2083,1106,597,0,0,
2084,0,0,0,0,
2085,0,0,0,0,
2086,0,0,1233,536,
2087,0,0,1234,535,
2088,0,0,1234,535,
2089,0,0,1234,535,
2090,0,0,1234,535,
2091,0,0,1234,536,
2092,0,0,1233,538,
2093,0,0,1234,537,
2094,0,0,1235,537,
2095,0,0,1234,539,
2096,0,0,1234,539,
2097,0,0,1234,539,
2098,0,0,1233,539,
2099,0,0,1233,539,
2100,0,0,1232,539,
2101,0,0,1231,539,
2102,0,0,1230,541,
2103,0,0,1229,542,
2104,0,0,1228,543,
2105,1097,603,1224,547,138.8
2106,0,0,1222,549,
2107,0,0,1220,552,
2108,0,0,1218,554,
2109,0,0,1217,556,
2110,0,0,1209,559,
2111,0,0,1202,556,
2112,0,0,1186,554,
2113,0,0,1169,548,
2114,0,0,1157,544,
2115,0,0,1153,541,
2116,0,0,1150,537,
2117,0,0,1149,533,
2118,0,0,1148,529,
2119,0,0,1147,527,
2120,0,0,1145,524,
2121,0,0,1143,522,
2122,0,0,1142,520,
2123,0,0,1141,519,
2124,0,0,1138,520,
2125,0,0,1135,520,
2126,0,0,1132,520,
2127,0,0,1130,520,
2128,0,0,1127,519,
2129,0,0,0,0,
2130,0,0,0,0,
2131,998,600,0,0,
2132,989,603,0,0,
2133,0,0,0,0,
2134,975,606,0,0,
2135,969,607,0,0,
2136,964,609,1105,545,154.85
2137,961,610,1104,549,155.47
2138,959,611,1102,550,155.47
2139,957,611,1100,553,154.31
2140,0,0,1099,554,
2141,0,0,1098,554,
2142,0,0,1097,556,
2143,0,0,1097,557,
2144,0,0,1097,558,
2145,0,0,1097,558,
2146,0,0,1097,558,
2147,0,0,1097,558,
2148,0,0,1097,558,
2149,0,0,1098,557,
2150,0,0,1098,557,
2151,0,0,1098,557,
2152,0,0,1098,557,
2153,0,0,1098,557,
2154,0,0,1099,556,
2155,961,614,1099,555,150.08
2156,960,616,1099,555,151.8
2157,0,0,1100,554,
2158,0,0,1100,553,
2159,0,0,1101,553,
2160,0,0,1101,552,
2161,962,617,1102,550,155.21
2162,963,618,1102,549,155.18
2163,964,618,1102,548,154.74
2164,965,618,1102,547,154.3
2165,967,618,1104,545,155.24
2166,970,617,1106,542,155.31
2167,974,616,1107,538,154.18
2168,976,613,1108,531,155.4
2169,979,610,1108,524,155.04
2170,982,606,1108,516,154.84
2171,986,602,1109,507,155.42
2172,990,597,1110,499,154.93
2173,996,590,1113,491,153.26
2174,1003,583,0,0,
2175,1009,578,0,0,
2176,1018,573,0,0,
2177,1028,568,0,0,
2178,0,0,0,0,
2179,1050,539,0,0,
2180,1065,532,0,0,
2181,1073,541,0,0,
2182,1081,551,1234,531,154.3
2183,1087,561,1241,545,154.83
2184,1091,572,1245,558,154.64
2185,1095,582,1249,569,154.55
2186,1096,589,1250,574,154.73
2187,1095,595,1251,579,156.82
2188,1096,598,1252,584,156.63
2189,1096,599,1253,586,157.54
2190,1096,600,1253,587,157.54
2191,1096,600,1254,589,158.38
2192,1096,601,1253,589,157.46
2193,1097,601,1254,589,157.46
2194,1097,600,1254,588,157.46
2195,1098,599,1255,587,157.46
2196,1099,597,1256,586,157.38
2197,1100,595,1258,583,158.46
2198,1104,592,1259,580,155.46
2199,1107,588,1261,578,154.32
2200,1108,586,1263,577,155.26
2201,1110,587,1264,575,154.47
2202,1110,585,1265,574,155.39
2203,1110,585,1265,573,155.46
2204,1112,584,1264,571,152.55
2205,0,0,1264,570,
2206,1119,578,1264,569,145.28
2207,1119,578,1263,568,144.35
2208,1118,578,1261,566,143.5
2209,0,0,1260,566,
2210,1117,577,1259,564,142.59
2211,1118,575,1258,563,140.51
2212,1118,573,1258,560,140.6
2213,1118,573,0,0,
2214,0,0,0,0,
2215,1115,569,0,0,
2216,1114,567,0,0,
2217,0,0,0,0,
2218,0,0,0,0,
2219,0,0,0,0,
2220,0,0,0,0,
2221,0,0,0,0,
2222,0,0,0,0,
2223,0,0,0,0,
2224,0,0,0,0,
2225,0,0,0,0,
2226,0,0,0,0,
2227,0,0,0,0,
2228,0,0,0,0,
2229,0,0,0,0,
2230,0,0,0,0,
2231,0,0,0,0,
2232,1055,582,0,0,
2233,1051,586,0,0,
2234,1047,590,1192,585,145.09
2235,1044,592,1190,586,146.12
2236,1042,595,1190,586,148.27
2237,1043,595,1190,587,147.22
2238,1043,596,1190,587,147.28
2239,1043,597,1190,588,147.28
2240,1044,598,1190,588,146.34
2241,1045,600,1191,588,146.49
2242,1046,601,1191,588,145.58
2243,1046,602,1192,588,146.67
2244,1048,604,1192,588,144.89
2245,1049,605,1193,586,145.25
2246,1051,606,1196,585,146.51
2247,1054,607,1197,584,144.84
2248,1056,606,1198,584,143.69
2249,1057,605,1199,581,144.01
2250,1059,603,1200,578,143.2
2251,1061,602,0,0,
2252,1062,601,0,0,
2253,1063,601,0,0,
2254,1064,601,0,0,
2255,1064,600,0,0,
2256,1065,602,0,0,
2257,1065,602,1206,571,144.37
2258,1065,602,1205,569,143.84
2259,1065,602,1204,567,143.34
2260,1066,601,1203,567,141.16
2261,1066,599,1204,563,142.62
2262,1067,599,1204,562,141.91
2263,1068,598,1203,562,139.72
2264,1069,597,1203,560,139.01
2265,1070,597,1202,557,137.93
2266,1071,597,0,0,
2267,1072,597,0,0,
2268,1073,597,0,0,
2269,1074,596,0,0,
2270,1075,597,0,0,
2271,1076,598,0,0,
2272,1076,599,0,0,
2273,1074,602,0,0,
2274,1071,604,1205,559,141.35
2275,1070,604,1207,560,143.89
2276,1070,604,1204,561,140.73
2277,1069,604,1203,561,140.73
2278,1068,601,1201,561,138.88
2279,1067,600,1200,562,138.32
2280,1067,598,1200,561,138.05
2281,1068,596,1200,561,136.56
2282,1069,595,1201,561,136.31
2283,1071,594,1201,561,134.12
2284,1073,594,1200,561,131.22
2285,1074,594,1201,562,130.97
2286,1076,595,1201,563,129.03
2287,1077,595,0,0,
2288,1078,595,0,0,
2289,1080,596,0,0,
2290,1083,597,0,0,
2291,1086,598,0,0,
2292,1087,599,0,0,
2293,1089,599,0,0,
2294,1092,598,0,0,
2295,1096,598,0,0,
2296,1096,598,0,0,
2297,1096,599,0,0,
2298,1096,599,0,0,
2299,0,0,0,0,
2300,0,0,1215,558,
2301,0,0,1213,559,
2302,0,0,1202,557,
2303,0,0,1190,553,
2304,0,0,1181,546,
2305,0,0,1177,539,
2306,0,0,1170,533,
2307,0,0,1167,529,
2308,0,0,1163,524,
2309,0,0,1159,519,
2310,0,0,1156,517,
2311,0,0,1152,516,
2312,0,0,1147,517,
2313,0,0,1143,518,
2314,0,0,1141,520,
2315,1021,589,1141,523,136.95
2316,1021,591,1142,525,137.83
2317,1022,590,1144,525,138.24
2318,1024,586,1146,520,138.71
2319,1029,584,1147,514,137.2
2320,0,0,1151,512,
2321,1053,596,0,0,
2322,0,0,0,0,
2323,0,0,0,0,
2324,0,0,0,0,
2325,1152,582,0,0,
2326,1159,592,1312,560,156.31
2327,1162,598,1314,561,156.44
2328,1162,599,1314,563,156.2
2329,1163,600,1314,562,155.71
2330,1164,599,1316,562,156.44
2331,1165,599,1316,560,155.96
2332,1166,597,1317,560,155.47
2333,1167,598,1317,559,154.99
2334,1168,598,1318,557,155.5
2335,1168,598,1318,557,155.5
2336,1168,600,1315,555,153.73
2337,1168,600,1312,553,151.48
2338,1168,603,1311,555,150.84
2339,1169,605,1311,555,150.55
2340,1169,606,1310,555,149.94
2341,1171,608,1310,555,148.76
2342,1174,609,1308,556,144.1
2343,1176,610,1309,556,143.54
2344,1179,610,1310,556,141.69
2345,1182,608,1312,555,140.39
2346,1184,606,1313,552,139.85
2347,1186,604,1315,550,139.85
2348,1187,602,1315,548,138.92
2349,1189,602,1316,547,138.4
2350,1190,601,1317,547,138.0
2351,1192,600,1318,545,137.48
2352,1193,600,1318,545,136.57
2353,1194,599,0,0,
2354,1195,598,0,0,
2355,1196,597,0,0,
2356,1197,596,0,0,
2357,1198,596,0,0,
2358,1198,595,0,0,
2359,1199,593,0,0,
2360,1198,593,1323,548,132.85
2361,0,0,1324,547,
2362,0,0,1325,547,
2363,0,0,1325,546,
2364,0,0,1325,546,
2365,0,0,1325,546,
2366,0,0,1324,545,
2367,0,0,1323,545,
2368,0,0,1323,546,
2369,0,0,0,0,
2370,0,0,0,0,
2371,1199,602,0,0,
2372,1199,605,0,0,
2373,1195,610,0,0,
2374,0,0,1315,577,
2375,0,0,1310,580,
2376,0,0,1310,581,
2377,0,0,1307,583,
2378,0,0,0,0,
2379,1170,622,0,0,
2380,1166,625,0,0,
2381,1162,627,0,0,
2382,1159,628,0,0,
2383,1155,631,1292,594,141.91
2384,1151,632,1289,596,142.62
2385,1149,630,1289,595,144.31
2386,1146,626,1287,593,144.81
2387,1144,622,1285,589,144.81
2388,1140,618,1282,587,145.34
2389,1136,616,1280,583,147.73
2390,1133,614,1278,581,148.71
2391,1133,612,1277,579,147.73
2392,1132,610,1277,577,148.71
2393,1132,609,1276,576,147.73
2394,1132,609,1275,576,146.76
2395,1133,606,1274,574,144.59
2396,1138,604,1276,572,141.66
2397,1145,603,1284,573,142.2
2398,1158,601,0,0,
2399,0,0,0,0,
2400,0,0,1369,579,
2401,1228,583,1390,579,162.05
2402,1235,585,1397,581,162.05
2403,1237,587,1398,581,161.11
2404,1238,588,1399,582,161.11
2405,1238,589,1401,583,163.11
2406,1238,590,1403,584,165.11
2407,1238,591,1403,584,165.15
2408,1237,592,1402,583,165.25
2409,1237,594,1397,577,160.9
2410,1235,597,1394,577,160.25
2411,1236,598,1394,576,159.52
2412,1239,598,1394,573,157.0
2413,1241,600,1395,572,156.52
2414,1242,601,1395,573,155.54
2415,1243,605,1395,574,155.13
2416,1243,608,1395,576,155.33
2417,1244,610,1396,577,155.54
2418,1245,612,1396,578,154.78
2419,1245,614,1396,579,155.0
2420,1244,614,1396,580,155.76
2421,1244,615,1395,580,155.0
2422,1245,616,1395,580,154.26
2423,1246,616,1395,580,153.29
2424,1248,617,1396,580,152.55
2425,1249,618,1396,580,151.83
2426,1249,618,1395,580,150.86
2427,1249,619,1395,581,150.86
2428,1250,618,1395,580,149.9
2429,1250,617,1396,578,151.12
2430,1251,616,1396,575,150.69
2431,1251,615,1397,573,151.92
2432,1251,612,1398,570,152.88
2433,1252,609,1399,568,152.61
2434,1250,604,1400,570,153.81
2435,1244,603,1399,572,158.07
2436,1238,600,1396,574,160.12
2437,1233,598,1394,575,162.63
2438,1230,596,1392,576,163.23
2439,1226,592,1390,576,164.78
2440,1225,588,1389,575,164.51
2441,1224,586,1389,575,165.37
2442,1225,582,1389,574,164.2
2443,1225,582,1389,573,164.25
2444,1223,582,1389,571,166.36
2445,1223,583,1385,568,162.69
2446,0,0,1382,569,
2447,0,0,1382,570,
2448,1221,585,1382,570,161.7
2449,1224,584,1382,570,158.62
2450,1224,583,1381,569,157.62
2451,1222,582,1380,569,158.53
2452,1220,578,1376,567,156.39
2453,1218,574,0,0,
2454,1214,569,0,0,
2455,1210,564,0,0,
2456,1206,557,0,0,
2457,1204,552,0,0,
2458,1202,549,0,0,
2459,1201,546,0,0,
2460,1200,544,0,0,
2461,1199,544,0,0,
2462,1199,543,0,0,
2463,1196,543,0,0,
2464,1196,543,0,0,
2465,1196,543,0,0,
2466,1196,543,0,0,
2467,1194,544,0,0,
2468,1194,546,0,0,
2469,1194,549,0,0,
2470,1191,554,0,0,
2471,1186,559,0,0,
2472,1182,565,0,0,
2473,1178,571,0,0,
2474,1172,577,0,0,
2475,1168,582,0,0,
2476,1167,584,0,0,
2477,1169,585,0,0,
2478,1171,587,0,0,
2479,1173,587,0,0,
2480,1175,587,0,0,
2481,1177,587,0,0,
2482,1179,587,0,0,
2483,1182,586,0,0,
2484,1184,586,0,0,
2485,1186,586,0,0,
2486,1188,587,0,0,
2487,1191,588,0,0,
2488,1195,589,0,0,
2489,1197,590,0,0,
2490,1199,590,0,0,
2491,1199,589,0,0,
2492,1201,589,0,0,
2493,1202,589,0,0,
2494,1203,588,0,0,
2495,1204,588,0,0,
2496,1205,590,0,0,
2497,1206,592,0,0,
2498,1209,594,0,0,
2499,1210,595,0,0,
2500,1213,596,0,0,
2501,1214,598,0,0,
2502,1214,601,0,0,
2503,1216,602,0,0,
2504,1219,603,0,0,
2505,1224,603,0,0,
2506,1229,602,0,0,
2507,1232,602,0,0,
2508,1236,602,0,0,
2509,1238,602,0,0,
2510,1239,602,0,0,
2511,1240,602,0,0,
2512,1241,601,0,0,
2513,1242,601,0,0,
2514,1243,601,0,0,
2515,1245,601,0,0,
2516,1247,601,0,0,
2517,1248,600,0,0,
2518,1249,600,0,0,
2519,0,0,0,0,
2520,1250,600,0,0,
2521,0,0,0,0,
2522,0,0,0,0,
2523,0,0,0,0,
2524,0,0,0,0,
2525,0,0,0,0,
2526,0,0,0,0,
2527,0,0,0,0,
2528,0,0,0,0,
2529,0,0,0,0,
2530,0,0,0,0,
2531,0,0,0,0,
2532,0,0,0,0,
2533,0,0,0,0,
2534,0,0,0,0,
2535,0,0,0,0,
2536,0,0,0,0,
2537,0,0,1382,572,
2538,0,0,1380,572,
2539,0,0,1377,573,
2540,0,0,1374,574,
2541,0,0,1373,573,
2542,0,0,1372,573,
2543,0,0,1371,572,
2544,0,0,1369,570,
2545,0,0,1368,569,
2546,0,0,1367,569,
2547,0,0,1367,569,
2548,0,0,1367,567,
2549,0,0,1366,568,
2550,0,0,1366,566,
2551,0,0,1367,564,
2552,0,0,1367,563,
2553,0,0,1367,563,
2554,0,0,1366,564,
2555,0,0,1364,564,
2556,0,0,1364,564,
2557,0,0,1366,563,
2558,0,0,1366,562,
2559,0,0,1365,563,
2560,0,0,1363,563,
2561,1235,604,1364,561,135.98
2562,1233,605,1364,561,138.19
2563,1232,605,1362,563,136.62
2564,1229,605,1361,564,138.22
2565,0,0,1358,567,
2566,0,0,1355,569,
2567,0,0,1345,571,
2568,0,0,1333,569,
2569,0,0,0,0,
2570,0,0,1305,564,
2571,0,0,1302,561,
2572,0,0,1302,559,
2573,0,0,1301,557,
2574,0,0,1301,555,
2575,0,0,1300,553,
2576,0,0,1301,552,
2577,0,0,1299,551,
2578,0,0,1298,550,
2579,0,0,1295,549,
2580,0,0,1288,549,
2581,0,0,1280,548,
2582,0,0,1270,549,
2583,0,0,0,0,
2584,0,0,0,0,
2585,0,0,0,0,
2586,0,0,0,0,
2587,0,0,0,0,
2588,0,0,0,0,
2589,0,0,0,0,
2590,0,0,0,0,
2591,0,0,0,0,
2592,0,0,0,0,
2593,0,0,0,0,
2594,0,0,0,0,
2595,0,0,0,0,
2596,0,0,0,0,
2597,0,0,0,0,
2598,0,0,0,0,
2599,0,0,0,0,
2600,0,0,0,0,
2601,0,0,0,0,
2602,0,0,0,0,
2603,0,0,1217,576,
2604,0,0,1218,574,
2605,0,0,1217,571,
2606,0,0,1218,568,
2607,0,0,1218,566,
2608,0,0,1218,561,
2609,0,0,1218,557,
2610,0,0,1217,554,
2611,0,0,1216,552,
2612,0,0,1215,552,
2613,0,0,1215,552,
2614,0,0,1213,552,
2615,0,0,1209,551,
2616,0,0,1207,551,
2617,0,0,1205,549,
2618,0,0,1204,547,
2619,0,0,1202,546,
2620,0,0,1200,544,
2621,0,0,1198,543,
2622,0,0,1195,541,
2623,0,0,1190,539,
2624,0,0,1186,537,
2625,0,0,1183,536,
2626,0,0,1178,534,
2627,0,0,1172,532,
2628,0,0,1169,531,
2629,0,0,1165,529,
2630,0,0,1163,528,
2631,0,0,1161,530,
2632,0,0,1162,533,
2633,0,0,1162,535,
2634,0,0,1161,537,
2635,0,0,1160,539,
2636,0,0,1160,542,
2637,0,0,1161,544,
2638,0,0,1161,545,
2639,1014,536,1161,546,147.34
2640,0,0,1161,546,
2641,0,0,1161,546,
2642,0,0,1161,546,
2643,1010,535,1161,545,151.33
2644,0,0,1161,545,
2645,1008,534,1161,545,153.39
2646,0,0,1161,545,
2647,0,0,1160,545,
2648,0,0,1160,545,
2649,0,0,1159,546,
2650,0,0,1159,546,
2651,0,0,1158,545,
2652,0,0,1158,544,
2653,0,0,1159,544,
2654,0,0,1160,542,
2655,0,0,1161,539,
2656,0,0,1163,533,
2657,0,0,1164,527,
2658,0,0,1166,521,
2659,0,0,1169,513,
2660,0,0,1172,504,
2661,0,0,1174,496,
2662,0,0,1175,490,
2663,0,0,0,0,
2664,0,0,0,0,
2665,0,0,0,0,
2666,0,0,0,0,
2667,0,0,0,0,
2668,0,0,0,0,
2669,0,0,0,0,
2670,0,0,0,0,
2671,0,0,0,0,
2672,0,0,0,0,
2673,0,0,0,0,
2674,0,0,0,0,
2675,0,0,0,0,
2676,0,0,0,0,
2677,0,0,0,0,
2678,0,0,1189,566,
2679,0,0,1192,571,
2680,1037,591,1192,574,155.93
2681,1037,595,1193,575,157.28
2682,1036,599,1192,577,157.54
2683,1037,602,1192,578,156.85
2684,1038,604,1193,579,157.0
2685,1040,606,1194,580,156.18
2686,1041,607,1195,580,156.35
2687,1041,610,1196,582,157.51
2688,1041,613,1197,582,159.05
2689,1040,615,1198,584,161.01
2690,1040,617,1199,584,162.39
2691,1040,619,1200,585,163.57
2692,1040,622,1200,585,164.22
2693,1040,624,1199,586,163.48
2694,1040,626,1200,586,164.92
2695,1042,629,1200,586,163.75
2696,1044,632,1201,586,163.6
2697,1048,636,1203,585,163.17
2698,1052,639,1205,584,162.59
2699,1057,641,1207,582,161.19
2700,1062,642,1210,581,160.08
2701,1067,643,0,0,
2702,1070,643,0,0,
2703,1073,642,0,0,
2704,1075,641,0,0,
2705,1077,639,0,0,
2706,1078,637,0,0,
2707,1077,636,0,0,
2708,1076,634,0,0,
2709,1075,632,0,0,
2710,1075,631,0,0,
2711,1074,630,0,0,
2712,1073,628,0,0,
2713,1072,626,0,0,
2714,1071,626,0,0,
2715,1070,625,0,0,
2716,1069,624,0,0,
2717,1070,622,0,0,
2718,1070,620,0,0,
2719,1071,619,0,0,
2720,1072,619,0,0,
2721,1074,618,0,0,
2722,1076,616,0,0,
2723,1076,615,0,0,
2724,1076,616,0,0,
2725,1074,616,0,0,
2726,1074,616,0,0,
2727,1075,614,0,0,
2728,1076,612,0,0,
2729,1077,612,0,0,
2730,1077,612,0,0,
2731,1076,611,0,0,
2732,1076,609,0,0,
2733,1077,608,0,0,
2734,1077,607,0,0,
2735,1076,606,0,0,
2736,1075,605,0,0,
2737,1074,604,0,0,
2738,1073,602,0,0,
2739,1070,602,0,0,
2740,1066,601,0,0,
2741,1063,600,0,0,
2742,1060,600,0,0,
2743,1057,600,0,0,
2744,1055,601,0,0,
2745,1053,603,0,0,
2746,1051,604,0,0,
2747,1050,606,0,0,
2748,1048,607,1201,567,158.14
2749,1047,608,1200,567,158.4
2750,1046,608,1199,568,158.14
2751,1045,606,1198,568,157.65
2752,1044,606,1198,567,158.86
2753,1045,604,1198,567,157.41
2754,1045,604,1197,567,156.44
2755,1044,604,1196,567,156.44
2756,1043,604,1194,567,155.47
2757,1040,606,1189,568,153.77
2758,1036,608,1183,570,151.83
2759,1031,609,1173,575,146.01
2760,0,0,1161,578,
2761,0,0,1148,578,
2762,0,0,1134,578,
2763,0,0,1123,577,
2764,0,0,1114,579,
2765,0,0,1114,575,
2766,0,0,1114,573,
2767,0,0,1113,571,
2768,0,0,1111,569,
2769,0,0,1109,568,
2770,0,0,1108,567,
2771,0,0,1107,566,
2772,0,0,0,0,
2773,0,0,0,0,
2774,0,0,0,0,
2775,975,606,0,0,
2776,966,610,1103,572,142.17
2777,956,613,1101,573,150.42
2778,948,615,1097,574,154.54
2779,940,616,1092,575,157.43
2780,932,617,1086,576,159.36
2781,925,618,1080,576,160.59
2782,0,0,1075,576,
2783,0,0,1072,578,
2784,0,0,1069,578,
2785,0,0,1064,575,
2786,0,0,1059,572,
2787,0,0,1055,566,
2788,0,0,1052,561,
2789,922,598,1050,558,134.1
2790,922,594,1047,552,131.87
2791,0,0,1046,551,
2792,0,0,1044,550,
2793,0,0,1044,549,
2794,0,0,1044,548,
2795,0,0,1045,547,
2796,0,0,1046,545,
2797,0,0,0,0,
2798,0,0,0,0,
2799,926,566,0,0,
2800,928,565,0,0,
2801,928,563,0,0,
2802,929,559,0,0,
2803,930,556,0,0,
2804,0,0,0,0,
2805,935,546,1070,517,138.08
2806,0,0,1074,511,
2807,943,539,1077,509,137.32
2808,0,0,1078,508,
2809,0,0,1081,506,
2810,0,0,1085,504,
2811,0,0,1090,502,
2812,0,0,1093,501,
2813,0,0,1099,502,
2814,0,0,1103,501,
2815,0,0,1108,501,
2816,0,0,1113,501,
2817,0,0,1117,501,
2818,0,0,1123,504,
2819,0,0,1131,510,
2820,0,0,1143,517,
2821,0,0,1155,524,
2822,0,0,1162,527,
2823,993,531,1165,528,172.03
2824,994,531,1167,528,173.03
2825,995,533,1168,528,173.07
2826,994,535,1169,529,175.1
2827,995,538,1169,530,174.18
2828,996,539,1170,531,174.18
2829,997,541,1171,532,174.23
2830,998,543,1172,532,174.35
2831,1002,547,1174,533,172.57
2832,1005,550,1176,535,171.66
2833,0,0,1180,537,
2834,0,0,1183,539,
2835,0,0,1187,541,
2836,0,0,1191,542,
2837,0,0,1198,543,
2838,1041,594,1202,542,169.19
2839,1048,599,1207,542,168.91
2840,1056,603,1210,542,165.64
2841,1063,606,1213,540,163.88
2842,1068,608,1215,540,161.97
2843,1073,611,0,0,
2844,1076,613,0,0,
2845,1077,614,0,0,
2846,1077,614,0,0,
2847,1075,614,0,0,
2848,1074,614,0,0,
2849,1072,613,0,0,
2850,1070,612,0,0,
2851,1069,612,0,0,
2852,1068,612,1214,541,162.35
2853,1067,612,1214,542,162.82
2854,1067,612,1213,541,162.35
2855,1067,612,1214,541,163.25
2856,1067,612,1213,541,162.35
2857,1067,611,1214,541,162.82
2858,1067,611,1214,541,162.82
2859,1067,611,1214,540,163.25
2860,1067,610,1214,541,162.39
2861,1066,610,1214,541,163.29
2862,1066,610,1214,541,163.29
2863,1066,610,1214,540,163.72
2864,1067,610,1215,540,163.72
2865,1066,610,1215,540,164.62
2866,1066,610,1214,540,163.72
2867,1066,610,1214,541,163.29
2868,1066,610,1214,542,162.87
2869,1066,610,1214,542,162.87
2870,1066,611,1214,542,163.29
2871,1066,609,1213,542,161.55
2872,1066,609,1213,542,161.55
2873,1064,608,0,0,
2874,1060,609,0,0,
2875,1054,612,0,0,
2876,1049,614,0,0,
2877,1046,618,0,0,
2878,1044,620,0,0,
2879,1043,623,0,0,
2880,1042,624,0,0,
2881,1042,627,1197,581,161.68
2882,1040,631,1196,584,162.93
2883,1038,635,1194,586,163.51
2884,1039,639,1192,587,161.6
2885,1040,639,1193,588,161.28
2886,1042,639,1194,588,160.33
2887,1044,639,1196,589,160.01
2888,1046,638,1198,589,159.7
2889,1048,638,1200,589,159.7
2890,1051,638,1201,588,158.11
2891,1054,637,1203,590,156.24
2892,1057,635,0,0,
2893,1060,634,0,0,
2894,1061,633,0,0,
2895,1063,632,0,0,
2896,1063,631,0,0,
2897,1064,629,0,0,
2898,1064,627,0,0,
2899,1063,624,0,0,
2900,1064,623,0,0,
2901,1064,622,0,0,
2902,1063,622,0,0,
2903,1060,623,0,0,
2904,1058,623,0,0,
2905,1057,620,0,0,
2906,1058,617,0,0,
2907,1060,614,0,0,
2908,1062,612,0,0,
2909,1063,611,0,0,
2910,1064,611,0,0,
2911,1065,610,0,0,
2912,1066,610,0,0,
2913,1067,609,0,0,
2914,1067,609,0,0,
2915,1067,609,1205,564,145.15
2916,1068,608,1208,563,147.05
2917,1069,608,1209,562,147.36
2918,1069,607,1209,561,147.36
2919,1070,608,1210,561,147.68
2920,1070,608,1210,561,147.68
2921,1070,607,1210,561,147.36
2922,1070,606,1209,560,146.41
2923,1068,605,1207,560,146.1
2924,1066,605,1206,559,147.36
2925,1064,606,1206,560,149.26
2926,1063,605,1205,560,148.96
2927,1063,603,1204,559,147.71
2928,1063,602,1205,558,148.66
2929,1061,602,1203,557,148.96
2930,1060,602,1201,558,147.71
2931,1060,601,1202,555,149.26
2932,1060,601,1204,555,151.17
2933,1059,601,1204,555,152.12
2934,1058,601,1203,554,152.43
2935,1057,601,1203,554,153.38
2936,1057,600,1203,555,152.78
2937,1056,601,1202,556,152.78
2938,1055,602,1200,557,151.82
2939,1054,602,1199,559,151.24
2940,1054,603,1199,560,151.24
2941,1054,604,1198,561,150.28
2942,1053,605,1198,563,150.96
2943,1052,606,1197,564,150.96
2944,1052,607,1195,565,149.04
2945,1051,608,1193,566,148.08
2946,1049,608,1192,566,149.04
2947,1048,608,1191,567,148.76
2948,1046,610,1190,567,150.28
2949,1045,611,1188,566,149.91
2950,1042,611,1187,565,152.12
2951,1041,612,1186,565,152.43
2952,1039,612,1185,566,153.08
2953,1037,612,1183,567,152.78
2954,1035,612,1181,569,152.2
2955,1033,612,1180,570,152.88
2956,1031,612,1179,571,153.57
2957,1028,611,1177,571,154.28
2958,1024,610,1174,569,155.5
2959,1020,609,1169,568,154.54
2960,1015,608,1163,567,153.57
2961,1011,608,1159,566,153.84
2962,1008,609,1155,564,153.73
2963,1005,610,1152,565,153.73
2964,1002,612,1149,565,154.33
2965,1000,613,1147,566,154.33
2966,999,612,1146,565,154.33
2967,999,613,1145,565,153.69
2968,1000,615,1145,566,153.06
2969,1001,618,1144,566,152.16
2970,1005,620,1146,565,151.35
2971,1012,624,1151,561,152.61
2972,1022,626,1158,556,152.96
2973,1036,625,0,0,
2974,1051,613,0,0,
2975,0,0,0,0,
2976,0,0,0,0,
2977,0,0,0,0,
2978,1137,578,1292,556,156.55
2979,1142,583,1295,561,154.57
2980,1144,588,1297,564,154.87
2981,1144,593,1297,565,155.54
2982,1143,596,1298,566,157.88
2983,1143,595,1299,568,158.32
2984,1144,595,1302,568,160.29
2985,1144,594,1302,568,160.12
2986,1145,594,1302,566,159.48
2987,1146,595,1302,566,158.67
2988,1148,596,1303,565,158.07
2989,1151,598,1304,565,156.52
2990,1151,598,1304,563,156.95
2991,1152,600,1300,562,152.8
2992,1153,602,1299,563,151.12
2993,1154,603,1299,563,150.42
2994,1156,604,1300,564,149.45
2995,1159,603,1302,562,148.76
2996,1162,602,1303,562,146.56
2997,1164,602,1304,561,145.88
2998,1167,602,1305,561,143.96
2999,1169,601,1307,560,143.96
3000,1170,601,1306,559,142.34
3001,1173,600,1307,558,140.43
3002,1176,599,1308,557,138.52
3003,1179,599,0,0,
3004,1182,598,0,0,
3005,1185,598,0,0,
3006,1187,598,0,0,
3007,1188,598,0,0,
3008,1189,598,0,0,
3009,1190,598,0,0,
3010,1190,598,0,0,
3011,1190,598,0,0,
3012,1190,599,0,0,
3013,1188,599,1321,560,138.6
3014,1188,599,1320,562,137.09
3015,1187,599,1320,562,138.05
3016,1187,599,1321,562,139.01
3017,1187,599,1320,561,138.32
3018,1187,599,1320,561,138.32
3019,1191,599,1320,560,134.77
3020,0,0,0,0,
3021,0,0,0,0,
3022,0,0,0,0,
3023,1201,601,0,0,
3024,1201,603,0,0,
3025,1200,605,0,0,
3026,0,0,1320,571,
3027,0,0,1315,574,
3028,0,0,1313,575,
3029,0,0,1313,577,
3030,0,0,0,0,
3031,1178,615,0,0,
3032,1171,617,0,0,
3033,1166,618,0,0,
3034,1162,618,0,0,
3035,1158,618,0,0,
3036,1151,618,0,0,
3037,1146,617,0,0,
3038,1145,615,1288,584,146.32
3039,1143,612,1287,584,146.7
3040,1140,610,1286,581,148.85
3041,1138,608,1284,576,149.47
3042,1137,605,1282,574,148.28
3043,1137,605,1281,573,147.51
3044,1137,604,1279,573,145.34
3045,1137,604,1278,571,144.81
3046,1136,605,1276,571,144.07
3047,1135,604,1276,572,144.59
3048,1136,601,1277,570,144.37
3049,1141,599,1280,569,142.2
3050,1152,599,0,0,
3051,0,0,0,0,
3052,0,0,0,0,
3053,1220,579,1382,580,162.0
3054,1226,583,1389,584,163.0
3055,1227,588,1389,586,162.01
3056,1227,593,1390,587,163.11
3057,1227,594,1391,590,164.05
3058,1226,596,1392,591,166.08
3059,1226,596,1391,592,165.05
3060,1226,597,1392,592,166.08
3061,1226,596,1393,591,167.07
3062,1227,597,1393,591,166.11
3063,1227,597,1394,592,167.07
3064,1228,599,1393,591,165.19
3065,1229,600,1392,588,163.44
3066,1229,601,1391,588,162.52
3067,1230,601,1392,587,162.6
3068,1232,599,1394,585,162.6
3069,1233,599,1395,584,162.69
3070,1232,599,1394,583,162.79
3071,1231,601,1393,584,162.89
3072,1231,603,1392,584,162.12
3073,1230,603,1391,585,162.0
3074,1229,604,1390,585,162.12
3075,1229,604,1389,586,161.01
3076,1228,604,1389,586,162.0
3077,1230,604,1389,587,159.91
3078,1231,604,1389,587,158.91
3079,1233,605,1390,589,157.81
3080,1234,606,1390,589,156.92
3081,1235,607,1390,590,155.93
3082,1235,606,1390,591,155.72
3083,1236,606,1390,590,154.83
3084,1237,606,1391,589,154.94
3085,1238,606,1392,589,154.94
3086,1238,606,1392,589,154.94
3087,1239,606,1393,588,155.05
3088,1238,606,1393,588,156.04
3089,1237,607,1397,589,161.01
3090,1237,606,1400,591,163.69
3091,1237,604,1402,591,165.51
3092,1236,601,1402,590,166.36
3093,1234,600,1401,589,167.36
3094,1231,598,1399,588,168.3
3095,1229,597,1397,587,168.3
3096,1228,596,1396,586,168.3
3097,1228,593,1396,585,168.19
3098,1227,592,1395,584,168.19
3099,1225,588,1393,582,168.11
3100,1224,588,1387,575,163.52
3101,1220,589,1381,572,161.9
3102,1217,589,1379,571,163.0
3103,1219,590,1382,569,164.35
3104,1221,590,1383,568,163.49
3105,1223,592,1384,567,162.93
3106,1224,593,1385,567,163.09
3107,1225,589,1387,566,163.62
3108,1225,585,0,0,
3109,1223,583,0,0,
3110,1220,579,0,0,
3111,1218,576,0,0,
3112,1215,573,0,0,
3113,1214,570,0,0,
3114,1213,568,0,0,
3115,1211,565,0,0,
3116,1210,563,0,0,
3117,1208,562,0,0,
3118,1207,561,0,0,
3119,1206,560,0,0,
3120,1205,559,0,0,
3121,1204,558,0,0,
3122,1203,558,0,0,
3123,1203,557,0,0,
3124,1202,556,0,0,
3125,1202,556,0,0,
3126,1202,556,0,0,
3127,1202,557,0,0,
3128,1199,562,0,0,
3129,1195,566,0,0,
3130,1189,572,0,0,
3131,1181,579,1340,582,159.03
3132,1174,588,1335,587,161.0
3133,1165,599,1330,591,165.19
3134,1159,605,1323,594,164.37
3135,1160,608,1323,594,163.6
3136,1163,608,1326,593,163.69
3137,1170,607,1332,591,162.79
3138,1175,607,1334,590,159.91
3139,1179,608,1337,591,158.91
3140,1183,609,0,0,
3141,1187,610,0,0,
3142,1189,611,0,0,
3143,1190,612,0,0,
3144,1192,613,0,0,
3145,1195,614,0,0,
3146,1197,614,0,0,
3147,1199,614,0,0,
3148,1200,614,0,0,
3149,1201,613,0,0,
3150,1201,613,0,0,
3151,1202,612,0,0,
3152,1204,610,0,0,
3153,1206,607,0,0,
3154,1206,607,0,0,
3155,1205,608,0,0,
3156,1204,609,0,0,
3157,1204,608,0,0,
3158,1205,607,0,0,
3159,1206,606,0,0,
3160,1207,606,0,0,
3161,1209,605,0,0,
3162,1212,603,0,0,
3163,1214,602,0,0,
3164,1217,601,0,0,
3165,1220,599,0,0,
3166,1224,597,0,0,
3167,1226,596,0,0,
3168,1228,596,0,0,
3169,1229,595,0,0,
3170,1230,595,0,0,
3171,1232,596,0,0,
3172,1232,596,0,0,
3173,1233,595,0,0,
3174,0,0,1367,557,
3175,0,0,1369,557,
3176,0,0,1369,557,
3177,0,0,1368,557,
3178,0,0,1368,557,
3179,0,0,1368,556,
3180,0,0,1368,556,
3181,0,0,1369,555,
3182,0,0,1369,555,
3183,0,0,1369,556,
3184,1235,599,1369,555,141.04
3185,1234,600,1369,556,141.99
3186,1232,601,1367,560,141.09
3187,1230,604,1364,560,141.04
3188,0,0,1360,564,
3189,0,0,1354,566,
3190,0,0,1345,566,
3191,0,0,0,0,
3192,0,0,1322,559,
3193,0,0,1313,557,
3194,0,0,1309,555,
3195,0,0,1308,553,
3196,0,0,1307,551,
3197,0,0,1306,549,
3198,0,0,1304,546,
3199,0,0,1302,546,
3200,0,0,1300,544,
3201,0,0,1299,543,
3202,0,0,1296,543,
3203,0,0,1292,541,
3204,0,0,1290,541,
3205,0,0,1291,540,
3206,0,0,1289,541,
3207,0,0,1287,542,
3208,0,0,1285,544,
3209,0,0,0,0,
3210,1161,599,0,0,
3211,1160,600,0,0,
3212,0,0,0,0,
3213,0,0,0,0,
3214,0,0,1274,561,
3215,0,0,1265,561,
3216,0,0,1255,561,
3217,0,0,1244,562,
3218,0,0,1237,561,
3219,0,0,1235,560,
3220,0,0,1233,558,
3221,0,0,1231,557,
3222,0,0,1229,555,
3223,0,0,1228,554,
3224,0,0,1226,551,
3225,0,0,1224,550,
3226,0,0,1220,549,
3227,0,0,1217,547,
3228,0,0,1214,545,
3229,0,0,1213,544,
3230,0,0,1209,544,
3231,0,0,1206,544,
3232,0,0,1204,543,
3233,0,0,1201,542,
3234,0,0,1201,541,
3235,0,0,1201,543,
3236,0,0,1203,544,
3237,0,0,1203,547,
3238,0,0,1202,550,
3239,0,0,1200,553,
3240,1069,596,1200,555,137.27
3241,1068,596,1199,558,136.4
3242,1067,596,1198,560,135.86
3243,1065,598,1198,563,137.53
3244,1065,599,1198,565,137.28
3245,1063,599,1197,568,137.54
3246,1062,601,1196,571,137.32
3247,1060,603,1195,573,138.29
3248,1060,604,1194,575,137.1
3249,1059,605,1194,577,137.87
3250,1059,606,1192,578,135.92
3251,1057,607,1190,580,135.71
3252,1056,607,1189,582,135.33
3253,1055,607,1188,582,135.33
3254,1054,607,1187,583,135.15
3255,1053,607,1186,583,135.15
3256,1053,606,1186,583,134.97
3257,1052,604,1187,582,136.78
3258,1052,603,1187,582,136.62
3259,1051,602,1187,582,137.46
3260,1050,600,1186,582,137.19
3261,1047,600,1185,581,139.3
3262,1044,598,1184,580,141.15
3263,1041,597,1183,580,143.01
3264,1039,595,1183,577,145.12
3265,1039,594,1183,574,145.38
3266,0,0,1182,572,
3267,1037,587,1180,568,144.26
3268,1035,587,1179,567,145.38
3269,1031,586,1177,566,147.36
3270,1027,588,1175,567,149.48
3271,1023,591,1174,567,152.9
3272,1021,589,0,0,
3273,1018,592,0,0,
3274,1015,592,1169,570,155.56
3275,1013,593,1167,570,155.71
3276,1010,594,1168,569,159.97
3277,1009,594,1167,570,159.81
3278,1009,594,1167,570,159.81
3279,1008,593,1167,570,160.65
3280,1009,592,1167,570,159.52
3281,1007,591,1166,570,160.38
3282,1005,591,1166,571,162.24
3283,0,0,1165,572,
3284,1001,591,1164,573,163.99
3285,1001,592,1164,574,163.99
3286,1001,591,1164,576,163.69
3287,1000,592,1164,576,164.78
3288,1000,592,1163,577,163.69
3289,1000,592,1163,577,163.69
3290,999,592,1163,579,164.51
3291,998,592,1163,579,165.51
3292,998,592,1163,579,165.51
3293,998,592,1163,578,165.59
3294,999,592,1164,578,165.59
3295,0,0,1166,578,
3296,0,0,1169,577,
3297,0,0,1176,572,
3298,0,0,1184,568,
3299,0,0,1192,565,
3300,1027,532,1196,561,171.47
3301,1028,526,1197,559,172.19
3302,1028,524,1198,558,173.37
3303,1027,524,1198,556,173.97
3304,1026,524,1198,555,174.77
3305,1026,526,1197,555,173.44
3306,1026,526,1197,554,173.28
3307,1026,526,1198,554,174.26
3308,1026,526,1199,554,175.25
3309,1028,528,1200,553,173.81
3310,1029,528,1202,553,174.8
3311,1029,530,1203,553,175.51
3312,1030,532,1204,553,175.26
3313,1031,532,1207,552,177.13
3314,1034,533,1209,553,176.14
3315,1037,534,1212,553,176.03
3316,1041,536,1216,554,175.92
3317,1047,539,1222,557,175.92
3318,1051,543,1225,557,174.56
3319,1052,548,1228,558,176.28
3320,1056,549,1231,559,175.29
3321,0,0,1234,560,
3322,1065,553,1238,561,173.18
3323,1070,555,1242,562,172.14
3324,1074,555,1246,563,172.19
3325,1078,556,1248,562,170.11
3326,1081,554,1252,562,171.19
3327,1084,552,1253,562,169.3
3328,1085,549,1254,561,169.43
3329,1085,546,1254,555,169.24
3330,1083,542,1253,551,170.24
3331,1080,537,1250,546,170.24
3332,0,0,1245,542,
3333,0,0,1239,540,
3334,0,0,1233,539,
3335,1052,521,1225,538,173.83
3336,0,0,1219,537,
3337,1038,517,1210,534,172.84
3338,1028,515,1201,530,173.65
3339,1022,516,1195,528,173.42
3340,1017,516,1190,527,173.35
3341,1017,517,1190,529,173.42
3342,1019,520,1192,529,173.23
3343,0,0,1194,529,
3344,0,0,1200,528,
3345,0,0,1207,527,
3346,0,0,1216,530,
3347,0,0,1225,531,
3348,0,0,1231,532,
3349,0,0,1238,534,
3350,0,0,1242,537,
3351,0,0,1244,538,
3352,0,0,1244,539,
3353,1085,573,1245,539,163.57
3354,1085,570,0,0,
3355,1081,565,1242,541,162.78
3356,1076,559,1234,539,159.26
3357,1072,553,1231,539,159.62
3358,1066,547,1225,539,159.2
3359,1058,541,1219,539,161.01
3360,1051,534,1211,539,160.08
3361,1044,528,1202,537,158.26
3362,1033,524,1191,533,158.26
3363,0,0,1181,529,
3364,1015,520,1173,528,158.2
3365,1012,519,1169,533,157.62
3366,0,0,1170,535,
3367,0,0,1171,536,
3368,0,0,1174,536,
3369,0,0,1182,533,
3370,0,0,1190,533,
3371,0,0,1198,531,
3372,0,0,1203,532,
3373,0,0,1205,533,
3374,1053,570,0,0,
3375,1057,568,0,0,
3376,1056,565,0,0,
3377,1050,560,0,0,
3378,0,0,0,0,
3379,0,0,1194,531,
3380,0,0,1189,528,
3381,0,0,1180,530,
3382,0,0,1173,531,
3383,0,0,1166,534,
3384,994,533,1157,534,163.0
3385,0,0,1151,536,
3386,986,535,1147,540,161.08
3387,0,0,1146,544,
3388,0,0,1147,550,
3389,0,0,1151,556,
3390,0,0,1152,556,
3391,0,0,1154,557,
3392,0,0,1159,558,
3393,0,0,1166,564,
3394,1012,587,1168,567,157.28
3395,1011,590,1167,568,157.54
3396,1010,590,0,0,
3397,1008,592,0,0,
3398,1004,591,0,0,
3399,1001,588,1158,563,158.98
3400,996,582,1156,561,161.37
3401,988,578,1148,558,161.25
3402,979,573,1141,557,162.79
3403,0,0,1130,554,
3404,0,0,1117,551,
3405,0,0,1106,548,
3406,0,0,1096,549,
3407,0,0,1092,552,
3408,0,0,1092,553,
3409,0,0,1100,555,
3410,0,0,1109,551,
3411,0,0,1118,546,
3412,0,0,1129,542,
3413,0,0,0,0,
3414,0,0,0,0,
3415,983,564,0,0,
3416,0,0,0,0,
3417,0,0,0,0,
3418,0,0,0,0,
3419,0,0,1127,521,
3420,0,0,1118,518,
3421,0,0,1107,514,
3422,0,0,1097,516,
3423,0,0,1091,519,
3424,924,525,1090,524,166.0
3425,0,0,1092,527,
3426,0,0,1096,525,
3427,0,0,1103,526,
3428,0,0,1112,532,
3429,0,0,1120,537,
3430,0,0,1127,539,
3431,0,0,1136,540,
3432,979,563,1143,539,165.75
3433,984,563,1143,539,160.8
3434,985,564,1145,537,162.26
3435,0,0,0,0,
3436,0,0,0,0,
3437,0,0,0,0,
3438,0,0,0,0,
3439,0,0,1109,521,
3440,0,0,1095,518,
3441,0,0,1070,515,
3442,0,0,1053,510,
3443,0,0,1042,510,
3444,0,0,1036,511,
3445,0,0,1028,511,
3446,0,0,1023,509,
3447,0,0,1024,507,
3448,0,0,1025,507,
3449,0,0,1021,511,
3450,0,0,1014,512,
3451,0,0,1004,515,
3452,0,0,994,520,
3453,817,518,988,519,171.0
3454,808,516,981,518,173.01
3455,802,513,975,521,173.18
3456,797,513,970,522,173.23
3457,796,519,969,524,173.07
3458,0,0,972,528,
3459,0,0,976,535,
3460,0,0,986,542,
3461,0,0,0,0,
3462,0,0,0,0,
3463,0,0,0,0,
3464,0,0,0,0,
3465,0,0,0,0,
3466,0,0,0,0,
3467,0,0,0,0,
3468,0,0,0,0,
3469,0,0,0,0,
3470,0,0,1064,556,
3471,0,0,0,0,
3472,0,0,1095,570,
3473,0,0,1110,575,
3474,0,0,1121,580,
3475,0,0,1130,584,
3476,0,0,1135,587,
3477,1002,598,1139,586,137.52
3478,1008,600,1141,583,134.08
3479,0,0,1150,574,
3480,0,0,1161,565,
3481,0,0,0,0,
3482,0,0,0,0,
3483,0,0,0,0,
3484,0,0,0,0,
3485,0,0,1267,567,
3486,0,0,1277,573,
3487,0,0,1281,574,
3488,0,0,1280,574,
3489,0,0,1278,572,
3490,0,0,1276,571,
3491,0,0,1272,572,
3492,0,0,1268,571,
3493,0,0,1267,571,
3494,0,0,0,0,
3495,1129,575,0,0,
3496,1120,575,0,0,
3497,1115,572,0,0,
3498,1112,566,0,0,
3499,1107,559,0,0,
3500,0,0,0,0,
3501,0,0,0,0,
3502,0,0,1239,539,
3503,0,0,1227,537,
3504,0,0,1215,536,
3505,0,0,1201,533,
3506,1027,518,1189,529,162.37
3507,1020,518,1182,529,162.37
3508,1019,519,1182,531,163.44
3509,0,0,1185,533,
3510,0,0,1192,535,
3511,0,0,1200,534,
3512,0,0,1208,532,
3513,0,0,1220,534,
3514,0,0,1230,537,
3515,0,0,1236,540,
3516,1081,576,1238,542,160.64
3517,1084,578,1239,542,159.13
3518,1084,577,0,0,
3519,1084,575,0,0,
3520,1079,567,1235,535,159.25
3521,1074,558,1230,531,158.32
3522,1067,547,1223,531,156.82
3523,1058,539,1214,530,156.26
3524,1051,532,1206,529,155.03
3525,1044,526,1199,531,155.08
3526,0,0,1189,534,
3527,0,0,1178,534,
3528,0,0,1171,535,
3529,0,0,1171,542,
3530,0,0,1174,545,
3531,0,0,1177,546,
3532,0,0,1182,542,
3533,0,0,1190,539,
3534,0,0,1199,540,
3535,0,0,1203,540,
3536,0,0,1209,541,
3537,1060,577,0,0,
3538,1061,577,0,0,
3539,1062,577,0,0,
3540,1060,574,0,0,
3541,1056,567,0,0,
3542,1051,558,0,0,
3543,1045,547,1196,531,151.85
3544,0,0,1189,530,
3545,0,0,1179,529,
3546,0,0,1167,530,
3547,0,0,1157,530,
3548,0,0,1145,530,
3549,0,0,1137,534,
3550,0,0,1135,539,
3551,0,0,1134,544,
3552,0,0,1135,549,
3553,0,0,1139,553,
3554,0,0,1141,554,
3555,0,0,1144,555,
3556,0,0,1149,557,
3557,0,0,1154,559,
3558,1004,574,1159,562,155.46
3559,1004,581,0,0,
3560,1006,584,0,0,
3561,1006,587,0,0,
3562,1004,591,0,0,
3563,998,592,0,0,
3564,994,591,0,0,
3565,990,584,0,0,
3566,984,579,1140,560,157.15
3567,973,578,1132,558,160.25
3568,963,578,1126,558,164.22
3569,955,575,1117,556,163.11
3570,0,0,1115,559,
3571,0,0,1108,567,
3572,933,592,1101,576,168.76
3573,930,601,1095,584,165.87
3574,933,606,1096,589,163.88
3575,942,613,1103,594,162.12
3576,0,0,1111,597,
3577,965,622,1121,596,158.15
3578,979,617,1136,592,158.98
3579,998,614,1150,585,154.74
3580,1018,610,1164,576,149.91
3581,0,0,1175,565,
3582,0,0,0,0,
3583,0,0,1189,552,
3584,0,0,0,0,
3585,0,0,0,0,
3586,0,0,0,0,
3587,0,0,1280,582,
3588,0,0,1290,583,
3589,0,0,1290,583,
3590,0,0,1295,581,
3591,1169,617,1300,578,136.68
3592,1179,613,1306,574,132.85
3593,0,0,1313,570,
3594,0,0,1320,567,
3595,0,0,1329,569,
3596,0,0,1333,571,
3597,0,0,0,0,
3598,0,0,0,0,
3599,0,0,0,0,
3600,0,0,0,0,
3601,0,0,0,0,
3602,0,0,0,0,
3603,0,0,0,0,
3604,0,0,0,0,
3605,0,0,0,0,
3606,0,0,0,0,
3607,0,0,1378,566,
3608,0,0,1390,568,
3609,0,0,1399,575,
3610,0,0,1410,584,
3611,0,0,1428,591,
3612,0,0,0,0,
3613,1302,622,1439,598,139.09
3614,1307,619,1444,596,138.92
3615,1314,614,1448,593,135.64
3616,1323,607,1452,587,130.54
3617,0,0,1458,583,
3618,0,0,1470,579,
3619,0,0,1479,577,
3620,0,0,1485,578,
3621,0,0,1490,582,
3622,0,0,1497,583,
3623,0,0,1499,585,
3624,0,0,1501,584,
3625,0,0,1502,584,
3626,0,0,1504,582,
3627,0,0,1507,580,
3628,0,0,1509,580,
3629,0,0,0,0,
3630,0,0,1524,584,
3631,0,0,1535,588,
3632,0,0,1544,594,
3633,0,0,1556,598,
3634,0,0,1562,599,
3635,0,0,1562,599,
3636,0,0,1563,596,
3637,0,0,1561,593,
3638,0,0,1562,589,
3639,0,0,1565,587,
3640,0,0,1570,583,
3641,0,0,1577,585,
3642,0,0,1585,588,
3643,0,0,1593,593,
3644,0,0,1604,598,
3645,1479,614,1614,602,135.53
3646,1484,614,1622,604,138.36
3647,1486,613,1624,606,138.18
3648,1486,613,1627,607,141.13
3649,1487,611,1630,606,143.09
3650,1488,608,1633,604,145.06
3651,1488,605,0,0,
3652,1491,591,0,0,
3653,0,0,0,0,
3654,0,0,0,0,
3655,0,0,0,0,
3656,0,0,0,0,
3657,0,0,0,0,
3658,0,0,0,0,
3659,0,0,0,0,
3660,0,0,0,0,
3661,1052,517,0,0,
3662,1040,518,1209,546,171.3
3663,1029,522,1202,547,174.8
3664,1027,524,1199,548,173.67
3665,1030,528,1201,551,172.54
3666,1035,535,1205,557,171.42
3667,1041,541,1212,563,172.41
3668,1048,547,1220,569,173.4
3669,1054,551,1227,570,174.04
3670,0,0,1231,569,
3671,0,0,1237,567,
3672,0,0,1246,568,
3673,0,0,1254,569,
3674,0,0,1258,570,
3675,1096,574,1263,570,167.05
3676,1099,570,0,0,
3677,1101,564,0,0,
3678,1099,559,0,0,
3679,0,0,0,0,
3680,0,0,0,0,
3681,0,0,1243,547,
3682,0,0,1234,543,
3683,1051,527,1221,542,170.66
3684,0,0,1210,541,
3685,0,0,1200,536,
3686,1026,525,1195,535,169.3
3687,1026,527,1195,538,169.36
3688,0,0,1198,540,
3689,0,0,1204,542,
3690,0,0,1213,542,
3691,0,0,1219,540,
3692,0,0,1229,541,
3693,0,0,1237,544,
3694,0,0,1243,545,
3695,0,0,1247,546,
3696,1088,583,1247,547,163.02
3697,1087,580,1247,546,163.57
3698,1085,576,0,0,
3699,0,0,0,0,
3700,0,0,0,0,
3701,0,0,1228,538,
3702,0,0,1221,537,
3703,0,0,1214,535,
3704,1050,522,1208,536,158.62
3705,0,0,1201,538,
3706,0,0,1193,534,
3707,0,0,1186,535,
3708,0,0,1181,540,
3709,0,0,1183,544,
3710,0,0,1186,545,
3711,0,0,1190,542,
3712,0,0,1197,539,
3713,0,0,1204,540,
3714,0,0,1210,543,
3715,0,0,0,0,
3716,1064,573,0,0,
3717,1064,571,0,0,
3718,1059,566,0,0,
3719,0,0,0,0,
3720,0,0,0,0,
3721,0,0,1188,534,
3722,0,0,1175,533,
3723,0,0,1164,532,
3724,0,0,1157,532,
3725,0,0,1148,532,
3726,0,0,1142,534,
3727,0,0,1138,538,
3728,0,0,1138,541,
3729,0,0,1140,546,
3730,0,0,1144,547,
3731,0,0,1151,550,
3732,0,0,0,0,
3733,0,0,0,0,
3734,0,0,0,0,
3735,0,0,0,0,
3736,0,0,0,0,
3737,1010,576,0,0,
3738,1006,578,0,0,
3739,1002,578,0,0,
3740,996,577,0,0,
3741,0,0,1150,558,
3742,0,0,1142,553,
3743,0,0,1132,548,
3744,0,0,1116,545,
3745,0,0,1105,543,
3746,0,0,1098,543,
3747,0,0,1097,545,
3748,0,0,1100,546,
3749,0,0,1109,546,
3750,0,0,1114,541,
3751,0,0,1123,537,
3752,0,0,1132,535,
3753,0,0,1138,532,
3754,0,0,0,0,
3755,0,0,0,0,
3756,0,0,0,0,
3757,0,0,0,0,
3758,0,0,1125,511,
3759,0,0,1120,509,
3760,0,0,1110,508,
3761,0,0,1099,509,
3762,0,0,1094,514,
3763,0,0,1093,518,
3764,0,0,1096,521,
3765,0,0,1102,520,
3766,0,0,1108,523,
3767,0,0,1117,530,
3768,0,0,1122,532,
3769,0,0,1128,534,
3770,0,0,1134,532,
3771,0,0,1140,530,
3772,0,0,0,0,
3773,0,0,0,0,
3774,974,545,0,0,
3775,967,539,0,0,
3776,0,0,0,0,
3777,0,0,0,0,
3778,0,0,1107,516,
3779,0,0,0,0,
3780,0,0,1069,510,
3781,0,0,1052,509,
3782,0,0,1039,512,
3783,0,0,1033,514,
3784,0,0,1025,510,
3785,0,0,1023,508,
3786,0,0,1024,510,
3787,0,0,1021,511,
3788,0,0,1016,510,
3789,0,0,1010,513,
3790,0,0,0,0,
3791,0,0,0,0,
3792,0,0,0,0,
3793,0,0,0,0,
3794,0,0,963,519,
3795,0,0,962,523,
3796,0,0,964,531,
3797,0,0,973,537,
3798,0,0,984,545,
3799,0,0,994,548,
3800,0,0,1003,547,
3801,0,0,1012,546,
3802,0,0,0,0,
3803,0,0,0,0,
3804,0,0,0,0,
3805,0,0,0,0,
3806,0,0,0,0,
3807,0,0,0,0,
3808,0,0,0,0,
3809,0,0,1091,561,
3810,0,0,1110,569,
3811,0,0,1124,574,
3812,0,0,1135,580,
3813,0,0,1141,583,
3814,1012,603,1146,584,135.34
3815,1016,607,1149,583,135.15
3816,0,0,1154,578,
3817,0,0,1164,572,
3818,0,0,1178,565,
3819,0,0,0,0,
3820,0,0,0,0,
3821,0,0,0,0,
3822,0,0,0,0,
3823,0,0,1289,575,
3824,0,0,1295,580,
3825,0,0,1295,580,
3826,0,0,1294,579,
3827,0,0,1293,578,
3828,0,0,1290,577,
3829,0,0,1285,575,
3830,0,0,1278,573,
3831,0,0,1275,572,
3832,0,0,0,0,
3833,0,0,0,0,
3834,0,0,0,0,
3835,1126,583,0,0,
3836,1124,579,0,0,
3837,0,0,0,0,
3838,0,0,0,0,
3839,0,0,0,0,
3840,0,0,0,0,
3841,0,0,1251,537,
3842,0,0,1241,533,
3843,0,0,1231,530,
3844,0,0,1221,530,
3845,0,0,1207,525,
3846,0,0,1198,525,
3847,0,0,1192,525,
3848,0,0,1194,531,
3849,0,0,1198,533,
3850,0,0,1206,537,
3851,0,0,1213,536,
3852,0,0,1220,536,
3853,0,0,1227,536,
3854,0,0,0,0,
3855,0,0,0,0,
3856,0,0,0,0,
3857,0,0,0,0,
3858,0,0,0,0,
3859,0,0,0,0,
3860,0,0,0,0,
3861,0,0,1227,532,
3862,0,0,1218,531,
3863,0,0,1212,529,
3864,0,0,1205,527,
3865,0,0,1200,527,
3866,0,0,1193,527,
3867,0,0,1186,526,
3868,0,0,1178,530,
3869,0,0,1175,533,
3870,0,0,1176,535,
3871,0,0,1182,535,
3872,0,0,1188,533,
3873,0,0,1195,533,
3874,0,0,1202,532,
3875,0,0,1209,533,
3876,0,0,1214,533,
3877,0,0,1215,533,
3878,0,0,1216,532,
3879,0,0,0,0,
3880,0,0,0,0,
3881,0,0,0,0,
3882,0,0,0,0,
3883,0,0,0,0,
3884,0,0,1189,518,
3885,0,0,1179,517,
3886,0,0,1168,518,
3887,0,0,1156,519,
3888,0,0,1147,523,
3889,0,0,1141,529,
3890,0,0,1138,534,
3891,0,0,1138,537,
3892,0,0,1142,543,
3893,0,0,1146,545,
3894,0,0,1151,548,
3895,0,0,1157,552,
3896,0,0,1161,554,
3897,0,0,1164,559,
3898,0,0,0,0,
3899,1014,586,0,0,
3900,1016,590,0,0,
3901,1016,592,0,0,
3902,1015,593,0,0,
3903,1011,595,0,0,
3904,1007,595,0,0,
3905,1001,593,1158,563,159.84
3906,994,592,1152,564,160.46
3907,0,0,1143,564,
3908,0,0,1132,565,
3909,957,596,1122,566,167.71
3910,948,599,1113,572,167.19
3911,941,602,1107,578,167.73
3912,938,607,1105,586,168.32
3913,939,614,1104,593,166.33
3914,0,0,1105,597,
3915,0,0,1112,599,
3916,0,0,1121,601,
3917,977,627,1132,599,157.51
3918,992,621,1146,595,156.18
3919,1009,618,1155,586,149.47
3920,1024,614,1164,575,145.33
3921,1041,612,1173,566,139.79
3922,0,0,1178,561,
3923,0,0,1186,559,
3924,0,0,0,0,
3925,0,0,0,0,
3926,0,0,1256,582,
3927,0,0,1275,589,
3928,0,0,1290,594,
3929,0,0,1298,594,
3930,0,0,1306,592,
3931,1175,625,1311,588,140.94
3932,1186,619,1316,583,134.89
3933,0,0,1322,577,
3934,0,0,1333,571,
3935,0,0,1344,572,
3936,0,0,1350,575,
3937,0,0,0,0,
3938,0,0,0,0,
3939,0,0,0,0,
3940,0,0,1372,571,
3941,1261,606,0,0,
3942,0,0,1384,573,
3943,0,0,1388,575,
3944,0,0,1395,580,
3945,0,0,1400,580,
3946,0,0,1402,578,
3947,0,0,1403,574,
3948,1287,606,1407,570,125.28
3949,1295,604,1412,570,121.84
3950,0,0,1422,574,
3951,0,0,1432,583,
3952,0,0,1445,588,
3953,0,0,1449,590,
3954,0,0,1450,588,
3955,0,0,1453,584,
3956,0,0,1458,580,
3957,0,0,1461,574,
3958,0,0,1467,567,
3959,0,0,1472,568,
3960,0,0,1483,572,
3961,0,0,1492,579,
3962,0,0,1498,581,
3963,0,0,1500,583,
3964,0,0,1502,584,
3965,0,0,1504,583,
3966,0,0,1504,580,
3967,0,0,1507,581,
3968,0,0,1508,579,
3969,0,0,1511,577,
3970,0,0,1513,576,
3971,0,0,1515,574,
3972,1388,608,1518,573,134.63
3973,1395,608,1521,572,131.04
3974,0,0,1525,573,
3975,1404,611,1529,578,129.28
3976,0,0,1536,584,
3977,0,0,1544,590,
3978,0,0,1551,594,
3979,0,0,1552,594,
3980,0,0,1553,591,
3981,0,0,1556,589,
3982,0,0,1556,586,
3983,1422,612,1558,585,138.65
3984,1429,609,1562,583,135.52
3985,0,0,1564,581,
3986,0,0,1566,579,
3987,0,0,1567,577,
3988,0,0,1571,577,
3989,0,0,0,0,
3990,0,0,1589,579,
3991,0,0,1595,585,
3992,0,0,1598,592,
3993,0,0,1604,597,
3994,0,0,1615,603,
3995,0,0,1624,605,
3996,1488,616,1626,609,138.18
3997,1489,615,1628,609,139.13
3998,1490,614,1630,609,140.09
3999,1490,614,1633,609,143.09
4000,1490,613,1636,607,146.12
4001,1492,612,1639,605,147.17
4002,1492,611,1641,603,149.21
4003,1491,611,1642,601,151.33
4004,1490,610,1644,598,154.47
4005,1490,610,1645,595,155.72
4006,1490,607,1646,592,156.72
4007,1489,605,1647,589,158.81
4008,1489,603,1647,585,159.02
4009,1488,600,1644,581,157.15
4010,1488,598,1645,580,158.03
4011,1488,595,0,0,
4012,0,0,0,0,
4013,0,0,0,0,
4014,0,0,0,0,
4015,0,0,0,0,
4016,0,0,0,0,
4017,0,0,0,0,
4018,0,0,0,0,
4019,0,0,0,0,
4020,0,0,0,0,
4021,0,0,0,0,
4022,0,0,0,0,
4023,0,0,0,0,
4024,1030,598,0,0,
4025,1002,611,0,0,
4026,984,621,0,0,
4027,971,626,1126,597,157.69
4028,963,626,1118,602,156.85
4029,961,624,1116,602,156.55
4030,959,620,1115,600,157.28
4031,960,614,1116,597,156.92
4032,962,609,1116,593,154.83
4033,964,607,1118,591,154.83
4034,963,607,1121,593,158.62
4035,963,611,1123,599,160.45
4036,964,617,1125,606,161.38
4037,965,625,1124,614,159.38
4038,964,630,1122,619,158.38
4039,963,631,1122,620,159.38
4040,963,630,1122,620,159.31
4041,963,629,1122,619,159.31
4042,961,626,1122,618,161.2
4043,959,622,1121,616,162.11
4044,957,619,1121,614,164.08
4045,956,616,1120,613,164.03
4046,956,614,1119,612,163.01
4047,954,613,1119,612,165.0
4048,952,613,1117,613,165.0
4049,952,614,1117,612,165.01
4050,952,616,1116,613,164.03
4051,954,616,1118,614,164.01
4052,962,618,1122,612,160.11
4053,963,620,1122,613,159.15
4054,965,617,1126,614,161.03
4055,967,614,1128,615,161.0
4056,967,616,1128,616,161.0
4057,966,620,0,0,
4058,966,624,0,0,
4059,967,629,0,0,
4060,967,630,0,0,
4061,967,631,1130,626,163.08
4062,966,631,0,0,
4063,965,631,0,0,
4064,965,632,0,0,
4065,964,633,0,0,
4066,965,635,0,0,
4067,967,635,0,0,
4068,968,636,0,0,
4069,968,636,0,0,
4070,970,636,0,0,
4071,970,636,0,0,
4072,972,636,0,0,
4073,973,636,0,0,
4074,975,636,0,0,
4075,982,636,0,0,
4076,988,635,0,0,
4077,994,634,0,0,
4078,996,634,0,0,
4079,998,634,0,0,
4080,1001,633,1158,586,163.88
4081,1003,633,1158,581,163.49
4082,1006,632,1161,576,164.81
4083,1009,633,1162,571,165.08
4084,1012,631,1163,568,163.62
4085,1015,629,1164,563,162.96
4086,1018,627,0,0,
4087,1020,623,0,0,
4088,1023,620,0,0,
4089,1027,615,0,0,
4090,1029,612,0,0,
4091,1030,608,0,0,
4092,1031,603,0,0,
4093,1032,598,0,0,
4094,1033,592,0,0,
4095,1035,586,0,0,
4096,1036,579,0,0,
4097,1036,572,0,0,
4098,1034,568,0,0,
4099,1034,562,0,0,
4100,1034,559,0,0,
4101,1035,556,0,0,
4102,1039,554,0,0,
4103,1043,549,0,0,
4104,1046,546,0,0,
4105,1044,554,0,0,
4106,1034,566,0,0,
4107,1026,575,0,0,
4108,1023,577,0,0,
4109,1018,581,0,0,
4110,1013,585,0,0,
4111,0,0,0,0,
4112,1005,594,0,0,
4113,1001,597,0,0,
4114,999,598,0,0,
4115,1000,598,0,0,
4116,1002,599,0,0,
4117,1003,598,0,0,
4118,1006,597,0,0,
4119,1007,597,0,0,
4120,1008,597,0,0,
4121,1009,596,0,0,
4122,1010,596,0,0,
4123,1010,596,0,0,
4124,1008,598,0,0,
4125,1006,600,0,0,
4126,1005,600,0,0,
4127,1004,600,0,0,
4128,1004,601,0,0,
4129,1004,601,0,0,
4130,1004,601,0,0,
4131,1004,602,0,0,
4132,1003,602,0,0,
4133,1003,603,0,0,
4134,1001,603,0,0,
4135,998,605,1158,577,162.43
4136,995,606,1157,578,164.4
4137,997,607,1157,578,162.61
4138,998,608,1158,575,163.37
4139,1000,608,1159,572,163.02
4140,1001,608,1159,568,162.98
4141,1003,609,1159,564,162.36
4142,1005,611,1159,561,161.91
4143,1007,613,1159,556,162.34
4144,1010,614,1159,552,161.38
4145,1011,613,1159,547,162.05
4146,1013,614,1158,542,161.89
4147,1015,614,1158,536,162.89
4148,1017,614,1156,530,162.41
4149,1019,613,1155,523,163.08
4150,1022,611,1152,517,160.42
4151,1025,613,0,0,
4152,0,0,0,0,
4153,0,0,0,0,
4154,0,0,0,0,
4155,0,0,0,0,
4156,0,0,0,0,
4157,0,0,0,0,
4158,0,0,0,0,
4159,0,0,1131,451,
4160,983,494,1124,461,144.81
4161,0,0,1117,472,
4162,0,0,1113,479,
4163,970,508,1110,484,142.04
4164,969,511,1110,489,142.71
4165,0,0,1109,498,
4166,0,0,1108,503,
4167,0,0,1108,508,
4168,0,0,1108,510,
4169,0,0,1107,511,
4170,0,0,1107,512,
4171,0,0,1106,511,
4172,0,0,1106,510,
4173,0,0,1105,509,
4174,0,0,1104,507,
4175,0,0,1104,507,
4176,0,0,1104,507,
4177,0,0,1101,508,
4178,0,0,1100,511,
4179,0,0,1099,517,
4180,0,0,1098,521,
4181,0,0,1098,525,
4182,0,0,1098,527,
4183,0,0,1098,525,
4184,0,0,1101,519,
4185,0,0,1109,513,
4186,964,511,1114,506,150.08
4187,965,508,1120,503,155.08
4188,967,507,1123,503,156.05
4189,968,506,1125,503,157.03
4190,969,507,1127,505,158.01
4191,971,512,1128,510,157.01
4192,975,517,1127,516,152.0
4193,0,0,1127,519,
4194,0,0,1128,522,
4195,0,0,1131,523,
4196,0,0,1132,522,
4197,980,527,1133,522,153.08
4198,0,0,1133,522,
4199,980,527,1135,521,155.12
4200,980,527,1135,522,155.08
4201,0,0,1134,521,
4202,0,0,1127,517,
4203,0,0,1119,511,
4204,0,0,1108,508,
4205,0,0,1104,506,
4206,0,0,1103,506,
4207,0,0,1103,507,
4208,0,0,1103,512,
4209,0,0,1104,517,
4210,0,0,1102,524,
4211,0,0,1100,527,
4212,0,0,1100,530,
4213,0,0,1100,528,
4214,0,0,1102,525,
4215,0,0,1104,519,
4216,961,529,1108,515,147.67
4217,958,531,1109,515,151.85
4218,0,0,1111,515,
4219,0,0,1109,516,
4220,0,0,1107,518,
4221,0,0,1106,522,
4222,0,0,1103,526,
4223,0,0,1100,530,
4224,0,0,1097,536,
4225,0,0,1096,539,
4226,0,0,1095,539,
4227,0,0,1095,540,
4228,0,0,1096,540,
4229,0,0,1096,538,
4230,0,0,1096,539,
4231,0,0,1096,538,
4232,0,0,1097,536,
4233,930,567,1096,533,169.45
4234,930,567,1095,531,168.88
4235,933,570,1094,530,165.89
4236,932,571,1094,529,167.36
4237,931,571,1093,530,167.11
4238,930,571,1093,529,168.32
4239,929,570,1092,529,168.08
4240,929,570,1092,529,168.08
4241,929,572,1091,529,167.61
4242,928,573,1090,529,167.87
4243,928,574,1089,528,167.44
4244,927,576,1088,528,168.0
4245,928,580,1088,530,167.63
4246,931,584,1089,534,165.72
4247,933,586,1090,535,165.08
4248,936,586,1091,535,163.17
4249,936,586,1091,535,163.17
4250,937,586,1092,534,163.49
4251,937,586,1092,532,164.14
4252,939,588,1094,530,165.5
4253,941,588,1095,527,165.64
4254,943,586,1097,523,166.39
4255,945,587,1098,521,166.63
4256,946,587,1099,518,167.84
4257,948,584,1099,516,165.6
4258,948,581,1100,513,166.52
4259,949,579,1098,513,162.96
4260,950,577,0,0,
4261,947,567,0,0,
4262,0,0,0,0,
4263,0,0,0,0,
4264,949,512,0,0,
4265,946,510,0,0,
4266,941,510,0,0,
4267,939,509,0,0,
4268,936,510,1097,511,161.0
4269,933,512,1094,512,161.0
4270,929,514,1092,513,163.0
4271,927,516,1092,515,165.0
4272,926,516,1090,516,164.0
4273,926,517,1090,517,164.0
4274,928,518,1092,520,164.01
4275,928,518,1092,520,164.01
4276,928,518,1092,520,164.01
4277,928,518,1092,520,164.01
4278,927,518,1092,519,165.0
4279,926,517,1092,518,166.0
4280,926,517,1091,518,165.0
4281,926,516,1091,518,165.01
4282,925,517,1090,518,165.0
4283,0,0,1090,519,
4284,0,0,1091,518,
4285,0,0,1091,514,
4286,0,0,1092,507,
4287,0,0,1093,499,
4288,0,0,1093,493,
4289,0,0,1094,486,
4290,0,0,1094,480,
4291,0,0,1094,472,
4292,936,504,0,0,
4293,938,502,0,0,
4294,0,0,0,0,
4295,0,0,0,0,
4296,946,489,0,0,
4297,950,480,0,0,
4298,951,475,0,0,
4299,0,0,0,0,
4300,0,0,0,0,
4301,921,504,0,0,
4302,0,0,1060,495,
4303,0,0,1051,519,
4304,0,0,1040,556,
4305,895,605,1039,568,148.68
4306,893,611,1040,575,151.34
4307,892,614,1040,579,152.08
4308,892,614,1041,580,152.83
4309,893,615,1042,580,153.06
4310,893,615,1042,580,153.06
4311,893,616,1042,581,153.06
4312,892,616,1042,582,153.81
4313,890,618,1041,585,154.56
4314,0,0,1040,589,
4315,0,0,1038,592,
4316,0,0,1037,591,
4317,0,0,1035,590,
4318,0,0,1037,585,
4319,901,609,1038,579,140.25
4320,901,599,1041,571,142.77
4321,901,591,1045,564,146.51
4322,902,587,1047,563,146.97
4323,899,587,1048,564,150.76
4324,896,589,1048,567,153.58
4325,895,592,1047,572,153.31
4326,892,597,1044,577,153.31
4327,890,602,1041,583,152.19
4328,889,606,1042,584,154.57
4329,888,611,1044,586,157.99
4330,887,612,1045,587,159.97
4331,889,610,1047,585,159.97
4332,890,609,1049,583,161.11
4333,892,607,1049,581,159.14
4334,894,604,1050,581,157.69
4335,894,598,1050,579,157.15
4336,893,594,1049,574,157.28
4337,893,593,1048,570,156.7
4338,893,593,1047,567,156.18
4339,893,593,1046,565,155.54
4340,891,594,1045,565,156.71
4341,888,595,1044,566,158.67
4342,889,596,1042,567,155.72
4343,0,0,1041,568,
4344,0,0,1039,566,
4345,0,0,1037,562,
4346,0,0,1039,558,
4347,0,0,1040,551,
4348,0,0,1039,540,
4349,0,0,1038,530,
4350,0,0,1039,522,
4351,0,0,1039,512,
4352,0,0,1037,507,
4353,0,0,1033,505,
4354,0,0,1029,504,
4355,0,0,0,0,
4356,0,0,0,0,
4357,0,0,0,0,
4358,0,0,1024,513,
4359,0,0,1025,514,
4360,0,0,1026,516,
4361,0,0,1026,518,
4362,0,0,1025,519,
4363,0,0,1021,526,
4364,0,0,1023,542,
4365,0,0,1021,554,
4366,0,0,1019,567,
4367,0,0,1018,576,
4368,0,0,1018,582,
4369,859,607,1017,584,159.67
4370,857,610,1016,585,160.95
4371,853,613,1016,587,165.06
4372,852,615,1015,589,165.06
4373,854,618,1015,591,163.25
4374,856,619,1017,591,163.42
4375,860,621,1020,591,162.79
4376,0,0,1022,591,
4377,0,0,1025,589,
4378,0,0,1030,588,
4379,0,0,1038,587,
4380,0,0,1043,587,
4381,897,616,0,0,
4382,905,613,0,0,
4383,909,613,0,0,
4384,912,613,0,0,
4385,916,611,0,0,
4386,0,0,0,0,
4387,0,0,0,0,
4388,0,0,0,0,
4389,0,0,0,0,
4390,0,0,0,0,
4391,933,597,0,0,
4392,936,596,0,0,
4393,0,0,0,0,
4394,0,0,0,0,
4395,0,0,0,0,
4396,0,0,0,0,
4397,0,0,1081,564,
4398,0,0,1082,566,
4399,0,0,1082,568,
4400,934,605,1082,569,152.32
4401,932,606,1082,571,154.03
4402,931,607,1081,572,154.03
4403,930,608,1080,573,154.03
4404,929,608,1079,575,153.59
4405,927,609,1079,577,155.33
4406,925,610,1077,579,155.13
4407,925,611,1077,581,154.93
4408,0,0,1077,583,
4409,0,0,1077,583,
4410,0,0,1078,583,
4411,0,0,1078,582,
4412,0,0,1079,581,
4413,0,0,1081,579,
4414,0,0,1082,577,
4415,934,611,1082,576,152.08
4416,934,608,1082,573,152.08
4417,935,605,1080,572,148.71
4418,937,602,1080,571,146.32
4419,941,598,1082,570,143.75
4420,945,595,1084,568,141.6
4421,948,591,1085,564,139.64
4422,952,581,1089,557,139.09
4423,952,573,1092,550,141.88
4424,950,569,1092,545,144.01
4425,946,566,1089,538,145.72
4426,946,562,1087,533,143.95
4427,0,0,1087,528,
4428,0,0,1088,521,
4429,0,0,1094,515,
4430,0,0,1094,512,
4431,0,0,1094,510,
4432,0,0,1093,507,
4433,0,0,1092,506,
4434,0,0,1093,503,
4435,0,0,1091,502,
4436,0,0,1089,503,
4437,0,0,1087,504,
4438,0,0,1089,507,
4439,0,0,1091,509,
4440,0,0,1094,510,
4441,936,532,1096,510,161.51
4442,0,0,1100,509,
4443,0,0,1106,511,
4444,0,0,0,0,
4445,0,0,0,0,
4446,0,0,0,0,
4447,0,0,0,0,
4448,0,0,0,0,
4449,0,0,0,0,
4450,0,0,0,0,
4451,0,0,0,0,
4452,1017,528,0,0,
4453,1018,526,0,0,
4454,0,0,0,0,
4455,0,0,0,0,
4456,0,0,0,0,
4457,0,0,0,0,
4458,0,0,0,0,
4459,0,0,1149,498,
4460,0,0,1150,496,
4461,0,0,1152,496,
4462,0,0,1157,495,
4463,0,0,1160,503,
4464,0,0,1161,516,
4465,0,0,1166,530,
4466,0,0,1165,543,
4467,0,0,1164,554,
4468,0,0,1166,564,
4469,0,0,1168,569,
4470,1038,587,1170,570,133.09
4471,1042,589,1175,570,134.35
4472,1047,588,1180,566,134.81
4473,1055,584,0,0,
4474,1061,580,1191,555,132.38
4475,1066,578,1198,549,135.15
4476,1072,578,0,0,
4477,1075,578,0,0,
4478,0,0,1212,548,
4479,0,0,1212,548,
4480,0,0,1217,548,
4481,0,0,1223,548,
4482,0,0,1226,548,
4483,0,0,1230,547,
4484,0,0,1234,547,
4485,0,0,1235,548,
4486,0,0,1243,556,
4487,0,0,1254,566,
4488,0,0,1266,574,
4489,0,0,1272,582,
4490,1136,604,1275,583,140.58
4491,1138,604,1277,583,140.58
4492,1138,604,1278,585,141.28
4493,1136,606,1276,584,141.72
4494,1132,610,1277,584,147.31
4495,1129,613,1278,587,151.25
4496,1127,616,1275,592,149.93
4497,1127,618,1274,593,149.11
4498,1127,618,1273,593,148.12
4499,1127,617,1273,593,147.96
4500,1128,615,1273,592,146.81
4501,1129,615,1273,592,145.83
4502,1130,613,1274,591,145.67
4503,1135,612,1276,590,142.71
4504,1138,611,1278,589,141.72
4505,1140,608,1283,590,144.13
4506,1144,605,1287,590,143.78
4507,1144,605,1288,590,144.78
4508,1143,606,1287,589,145.0
4509,1141,608,1286,589,146.24
4510,1141,608,1285,589,145.25
4511,1141,608,1286,588,146.37
4512,1141,609,1285,588,145.52
4513,1142,610,1286,588,145.67
4514,1147,610,1290,586,145.0
4515,1151,609,1293,583,144.36
4516,1156,608,1296,578,143.18
4517,1164,606,1300,570,140.68
4518,1177,603,1308,566,136.12
4519,1189,600,1319,561,135.72
4520,1199,598,1324,561,130.36
4521,1205,598,1325,560,125.87
4522,1212,600,0,0,
4523,1222,602,0,0,
4524,0,0,0,0,
4525,0,0,0,0,
4526,0,0,0,0,
4527,0,0,0,0,
4528,0,0,0,0,
4529,0,0,0,0,
4530,0,0,1336,565,
4531,0,0,1333,566,
4532,0,0,1333,566,
4533,0,0,1331,566,
4534,0,0,1331,562,
4535,0,0,1333,557,
4536,0,0,1333,555,
4537,1203,600,1332,554,136.96
4538,1198,602,1328,555,138.24
4539,1194,604,1327,556,141.4
4540,1192,607,1326,558,142.68
4541,1189,610,1323,559,143.38
4542,1187,610,1319,561,140.8
4543,1188,608,1318,560,138.58
4544,1187,606,1317,559,138.24
4545,1185,605,1317,559,139.79
4546,1182,607,1317,561,142.62
4547,1181,608,1317,563,143.25
4548,1180,611,1316,565,143.57
4549,1178,612,1316,567,145.15
4550,1176,614,1315,569,146.1
4551,1174,615,1313,570,146.1
4552,1172,615,1313,569,148.31
4553,1173,614,1313,569,147.05
4554,1176,610,1315,570,144.64
4555,1178,608,1317,571,143.84
4556,1177,609,1317,573,144.55
4557,1172,614,1311,575,144.37
4558,0,0,1299,576,
4559,0,0,1292,573,
4560,0,0,1284,569,
4561,0,0,1275,566,
4562,0,0,1269,563,
4563,0,0,1267,559,
4564,0,0,1264,557,
4565,0,0,1263,555,
4566,0,0,1262,552,
4567,0,0,1262,550,
4568,0,0,1263,549,
4569,0,0,1261,549,
4570,0,0,1260,550,
4571,0,0,1260,552,
4572,0,0,1259,554,
4573,0,0,1259,555,
4574,1130,598,1258,555,135.03
4575,1130,600,1258,556,135.35
4576,1129,602,1257,556,136.01
4577,1127,604,1255,558,136.01
4578,0,0,1252,559,
4579,0,0,1251,559,
4580,0,0,1250,558,
4581,1126,599,1253,558,133.45
4582,0,0,1252,559,
4583,0,0,1247,558,
4584,0,0,1243,558,
4585,0,0,1235,556,
4586,0,0,1229,555,
4587,0,0,1225,552,
4588,0,0,1224,550,
4589,0,0,1222,549,
4590,0,0,1222,546,
4591,0,0,1221,545,
4592,0,0,1219,545,
4593,0,0,1216,546,
4594,0,0,1214,548,
4595,0,0,1212,549,
4596,0,0,1209,551,
4597,0,0,1207,553,
4598,1069,597,1205,556,142.05
4599,1069,598,1204,558,140.8
4600,1069,598,1203,559,139.56
4601,1068,599,1203,561,140.25
4602,1067,599,1204,562,141.91
4603,1067,599,1205,566,141.89
4604,1067,599,1205,568,141.44
4605,1065,602,1204,571,142.41
4606,1064,604,1201,574,140.25
4607,1063,607,1201,576,141.44
4608,1061,609,1201,578,143.39
4609,1059,611,1198,581,142.2
4610,1057,611,1198,583,143.75
4611,0,0,1195,585,
4612,0,0,1192,586,
4613,0,0,1188,586,
4614,0,0,1181,586,
4615,0,0,1170,586,
4616,0,0,1163,585,
4617,0,0,1161,585,
4618,0,0,1158,585,
4619,0,0,1157,585,
4620,0,0,1155,585,
4621,0,0,1153,584,
4622,0,0,1152,585,
4623,0,0,1151,586,
4624,0,0,1149,587,
4625,0,0,1147,589,
4626,0,0,1145,590,
4627,0,0,1144,591,
4628,0,0,1144,593,
4629,0,0,1143,593,
4630,0,0,1144,592,
4631,0,0,1144,592,
4632,0,0,1144,592,
4633,0,0,1144,592,
4634,0,0,1145,590,
4635,0,0,1145,589,
4636,0,0,1146,589,
4637,0,0,1146,588,
4638,0,0,1147,588,
4639,0,0,1147,588,
4640,0,0,1148,587,
4641,1010,608,1149,587,140.58
4642,1011,610,1151,585,142.21
4643,1012,610,1152,585,142.21
4644,1011,610,1154,583,145.53
4645,1009,613,1157,578,152.08
4646,1009,614,1158,575,154.02
4647,1011,613,1161,572,155.5
4648,1013,612,0,0,
4649,1016,611,0,0,
4650,1019,608,0,0,
4651,1023,603,0,0,
4652,1025,599,0,0,
4653,1026,595,0,0,
4654,1026,587,0,0,
4655,1027,576,0,0,
4656,1027,568,0,0,
4657,1028,563,0,0,
4658,1027,562,0,0,
4659,1024,562,0,0,
4660,1021,565,0,0,
4661,1017,570,0,0,
4662,1013,574,0,0,
4663,1011,578,0,0,
4664,1007,582,0,0,
4665,1004,584,1163,578,159.11
4666,1002,585,1162,580,160.08
4667,1002,587,1161,581,159.11
4668,1001,590,1161,582,160.2
4669,1001,590,1161,584,160.11
4670,1001,592,1161,584,160.2
4671,1000,593,1161,583,161.31
4672,1000,593,1160,583,160.31
4673,1000,593,1160,583,160.31
4674,999,593,1159,583,160.31
4675,999,593,1160,582,161.38
4676,997,593,1159,582,162.37
4677,995,593,1159,579,164.6
4678,994,594,1159,578,165.77
4679,993,594,1158,577,165.87
4680,992,595,1157,573,166.46
4681,993,595,1158,570,166.88
4682,996,595,1159,565,165.74
4683,999,593,1160,558,164.76
4684,0,0,1161,549,
4685,0,0,1161,541,
4686,0,0,1161,531,
4687,0,0,0,0,
4688,0,0,0,0,
4689,0,0,0,0,
4690,0,0,0,0,
4691,0,0,0,0,
4692,0,0,0,0,
4693,0,0,0,0,
4694,0,0,0,0,
4695,0,0,0,0,
4696,0,0,0,0,
4697,0,0,0,0,
4698,970,506,1116,483,147.8
4699,0,0,1108,492,
4700,0,0,1106,497,
4701,0,0,1105,500,
4702,0,0,1103,502,
4703,0,0,1103,502,
4704,0,0,1103,501,
4705,0,0,1103,501,
4706,0,0,1103,501,
4707,0,0,1101,501,
4708,0,0,1100,507,
4709,0,0,1101,514,
4710,0,0,1099,518,
4711,0,0,1097,522,
4712,0,0,1097,521,
4713,0,0,1096,517,
4714,0,0,1104,511,
4715,971,513,1112,507,141.13
4716,971,511,1125,510,154.0
4717,971,511,1129,510,158.0
4718,971,512,1130,512,159.0
4719,972,515,1130,513,158.01
4720,0,0,1129,517,
4721,977,527,1129,521,152.12
4722,976,532,1128,525,152.16
4723,974,535,1128,528,154.16
4724,974,536,1130,529,156.16
4725,0,0,1130,529,
4726,0,0,1130,528,
4727,0,0,1129,527,
4728,0,0,1127,527,
4729,0,0,1125,525,
4730,0,0,1123,518,
4731,0,0,1121,514,
4732,0,0,1117,511,
4733,0,0,1111,510,
4734,0,0,1106,512,
4735,0,0,1104,518,
4736,0,0,1101,525,
4737,0,0,1098,530,
4738,0,0,1098,531,
4739,0,0,1098,528,
4740,0,0,1100,524,
4741,0,0,1104,517,
4742,959,524,1110,513,151.4
4743,956,527,1113,511,157.81
4744,0,0,1115,512,
4745,0,0,1113,515,
4746,0,0,1112,520,
4747,0,0,1108,526,
4748,0,0,1106,531,
4749,0,0,1102,535,
4750,0,0,1099,538,
4751,0,0,1099,539,
4752,0,0,1100,539,
4753,0,0,1100,540,
4754,0,0,1099,539,
4755,0,0,1098,538,
4756,0,0,1099,536,
4757,0,0,1098,533,
4758,933,572,1095,531,167.11
4759,933,574,1091,530,164.01
4760,933,575,1091,531,164.01
4761,931,575,1090,531,164.98
4762,930,575,1091,530,167.17
4763,929,576,1090,530,167.44
4764,929,577,1087,532,164.28
4765,929,578,1088,532,165.52
4766,928,579,1088,533,166.48
4767,930,584,1089,535,166.38
4768,933,586,1090,537,164.47
4769,935,586,1090,538,162.26
4770,935,586,1091,537,163.51
4771,936,586,1091,536,162.86
4772,937,585,1092,535,162.86
4773,939,585,1093,532,162.86
4774,941,584,1092,530,160.37
4775,943,583,1094,527,161.05
4776,945,579,1095,523,160.11
4777,947,576,0,0,
4778,948,568,0,0,
4779,0,0,0,0,
4780,0,0,0,0,
4781,950,510,0,0,
4782,950,506,0,0,
4783,946,508,0,0,
4784,941,509,0,0,
4785,939,508,0,0,
4786,936,510,1096,517,160.15
4787,931,513,1094,518,163.08
4788,929,516,1092,520,163.05
4789,928,518,1091,522,163.05
4790,927,520,1090,524,163.05
4791,928,521,1090,525,162.05
4792,928,522,1091,525,163.03
4793,928,522,1092,525,164.03
4794,928,521,1092,524,164.03
4795,928,519,1092,523,164.05
4796,928,517,1092,521,164.05
4797,927,517,1092,520,165.03
4798,0,0,1091,520,
4799,0,0,1091,520,
4800,0,0,1091,516,
4801,0,0,1091,507,
4802,0,0,1090,498,
4803,0,0,1090,492,
4804,0,0,1092,486,
4805,0,0,1092,479,
4806,0,0,1092,473,
4807,0,0,0,0,
4808,0,0,0,0,
4809,0,0,0,0,
4810,0,0,0,0,
4811,0,0,0,0,
4812,0,0,0,0,
4813,0,0,0,0,
4814,0,0,0,0,
4815,0,0,1064,500,
4816,0,0,1060,523,
4817,0,0,1055,540,
4818,903,592,1049,553,151.12
4819,899,602,1047,563,153.05
4820,899,609,1047,568,153.57
4821,899,613,1047,571,153.84
4822,898,615,1046,572,154.12
4823,897,614,1045,573,153.57
4824,898,614,1045,572,152.88
4825,896,614,1045,572,154.81
4826,892,615,1043,575,156.21
4827,0,0,1042,582,
4828,0,0,1041,584,
4829,0,0,1039,584,
4830,0,0,1037,580,
4831,903,606,1040,575,140.46
4832,904,596,1041,565,140.46
4833,0,0,1041,555,
4834,0,0,1045,545,
4835,0,0,1048,543,
4836,0,0,1050,547,
4837,0,0,1050,554,
4838,0,0,1050,561,
4839,899,592,1049,570,151.6
4840,900,596,1050,574,151.6
4841,901,602,1050,577,151.08
4842,898,605,1053,579,157.17
4843,899,607,1054,579,157.51
4844,898,607,1054,578,158.67
4845,898,605,1054,576,158.67
4846,899,602,1053,574,156.52
4847,0,0,1053,572,
4848,898,597,1051,569,155.54
4849,895,592,1051,565,158.32
4850,0,0,1049,562,
4851,0,0,1046,558,
4852,887,590,1042,556,158.69
4853,0,0,1040,558,
4854,884,594,1039,560,158.69
4855,888,593,1038,560,153.59
4856,0,0,1035,558,
4857,0,0,1035,556,
4858,0,0,1035,551,
4859,0,0,1034,541,
4860,0,0,1033,531,
4861,0,0,1033,521,
4862,0,0,1033,513,
4863,0,0,1036,508,
4864,0,0,1036,505,
4865,0,0,1034,504,
4866,0,0,0,0,
4867,0,0,0,0,
4868,0,0,0,0,
4869,0,0,0,0,
4870,0,0,0,0,
4871,0,0,1028,509,
4872,0,0,1027,511,
4873,0,0,1027,517,
4874,0,0,1026,532,
4875,0,0,1024,545,
4876,0,0,1021,560,
4877,0,0,1018,571,
4878,0,0,1017,577,
4879,0,0,1017,580,
4880,856,608,1017,582,163.09
4881,0,0,1015,585,
4882,0,0,1016,587,
4883,0,0,1019,589,
4884,0,0,1021,588,
4885,0,0,1024,588,
4886,0,0,1026,585,
4887,0,0,1032,583,
4888,884,622,1040,581,161.3
4889,893,618,0,0,
4890,904,614,0,0,
4891,915,610,0,0,
4892,931,605,0,0,
4893,0,0,0,0,
4894,0,0,0,0,
4895,0,0,0,0,
4896,0,0,0,0,
4897,0,0,0,0,
4898,0,0,0,0,
4899,0,0,1084,561,
4900,0,0,1089,563,
4901,0,0,1092,565,
4902,0,0,1096,567,
4903,0,0,1100,571,
4904,0,0,1102,576,
4905,0,0,1103,583,
4906,0,0,1106,592,
4907,0,0,1110,596,
4908,0,0,1111,597,
4909,0,0,1112,597,
4910,966,615,1114,596,149.21
4911,970,611,1119,593,150.08
4912,972,606,1124,591,152.74
4913,976,601,1130,589,154.47
4914,979,598,1132,589,153.26
4915,984,597,1135,588,151.27
4916,990,595,1139,586,149.27
4917,994,594,1141,584,147.34
4918,995,591,1139,577,144.68
4919,0,0,1140,571,
4920,0,0,1141,566,
4921,0,0,1141,559,
4922,0,0,1140,559,
4923,0,0,1136,557,
4924,0,0,1132,554,
4925,0,0,1135,548,
4926,0,0,1135,545,
4927,0,0,1136,540,
4928,0,0,1131,536,
4929,0,0,1125,532,
4930,0,0,1121,528,
4931,0,0,1120,527,
4932,0,0,1120,527,
4933,0,0,1121,524,
4934,948,560,1120,525,175.52
4935,0,0,1119,525,
4936,0,0,1118,528,
4937,0,0,1116,532,
4938,0,0,1117,532,
4939,0,0,1117,532,
4940,0,0,1117,534,
4941,0,0,1118,533,
4942,0,0,1120,534,
4943,0,0,0,0,
4944,0,0,0,0,
4945,0,0,0,0,
4946,0,0,0,0,
4947,0,0,0,0,
4948,985,541,0,0,
4949,0,0,0,0,
4950,0,0,0,0,
4951,0,0,0,0,
4952,0,0,0,0,
4953,963,531,0,0,
4954,0,0,1121,530,
4955,0,0,1113,530,
4956,0,0,1105,529,
4957,0,0,1095,530,
4958,916,523,1090,530,174.14
4959,914,522,1087,531,173.23
4960,912,522,1084,532,172.29
4961,910,523,1080,534,170.36
4962,0,0,1075,536,
4963,0,0,1070,537,
4964,0,0,1066,538,
4965,0,0,1062,541,
4966,0,0,1061,542,
4967,0,0,1062,542,
4968,0,0,1061,542,
4969,0,0,1060,542,
4970,0,0,1059,543,
4971,0,0,1059,544,
4972,0,0,1061,545,
4973,0,0,1062,545,
4974,0,0,1062,541,
4975,0,0,1064,540,
4976,0,0,1067,540,
4977,0,0,1067,540,
4978,0,0,1068,539,
4979,0,0,1071,537,
4980,0,0,1073,534,
4981,0,0,1079,531,
4982,0,0,1082,530,
4983,0,0,1083,528,
4984,0,0,1080,528,
4985,0,0,1078,527,
4986,0,0,1079,525,
4987,0,0,1078,524,
4988,0,0,1075,523,
4989,0,0,1072,526,
4990,0,0,1072,528,
4991,0,0,1071,527,
4992,0,0,1072,528,
4993,0,0,1072,528,
4994,0,0,1073,528,
4995,0,0,1073,528,
4996,0,0,1073,528,
4997,0,0,1073,528,
4998,0,0,1073,529,
4999,0,0,1073,529,
5000,0,0,1073,529,
5001,0,0,1073,529,
5002,0,0,1069,529,
5003,0,0,1065,528,
5004,0,0,1061,527,
5005,0,0,1060,525,
5006,0,0,1060,526,
5007,0,0,1060,526,
5008,0,0,1058,526,
5009,0,0,1058,525,
5010,0,0,1057,526,
5011,0,0,1057,526,
5012,0,0,1059,527,
5013,888,548,1060,528,173.16
5014,884,543,1056,528,172.65
5015,0,0,1052,527,
5016,0,0,1050,525,
5017,0,0,1048,525,
5018,0,0,1046,526,
5019,0,0,1044,527,
5020,0,0,1044,527,
5021,0,0,1043,528,
5022,0,0,1043,530,
5023,0,0,1041,532,
5024,0,0,1034,534,
5025,0,0,1023,534,
5026,0,0,1016,533,
5027,0,0,1010,532,
5028,0,0,1008,532,
5029,0,0,1007,534,
5030,0,0,1009,536,
5031,0,0,1015,539,
5032,0,0,1019,545,
5033,0,0,1022,547,
5034,0,0,1022,548,
5035,0,0,0,0,
5036,0,0,0,0,
5037,0,0,0,0,
5038,0,0,0,0,
5039,0,0,0,0,
5040,0,0,1022,547,
5041,0,0,1021,546,
5042,0,0,1021,545,
5043,0,0,1025,545,
5044,0,0,1027,546,
5045,0,0,1027,546,
5046,0,0,1027,544,
5047,0,0,1028,541,
5048,0,0,1027,540,
5049,0,0,1027,540,
5050,0,0,1026,541,
5051,0,0,1027,543,
5052,0,0,1026,543,
5053,0,0,1021,540,
5054,0,0,1018,538,
5055,0,0,1014,534,
5056,0,0,1011,534,
5057,0,0,1009,532,
5058,0,0,1009,532,
5059,0,0,1009,530,
5060,0,0,1009,527,
5061,0,0,1008,523,
5062,0,0,1005,522,
5063,0,0,0,0,
5064,0,0,0,0,
5065,0,0,0,0,
5066,0,0,994,521,
5067,0,0,0,0,
5068,0,0,987,524,
5069,0,0,980,525,
5070,0,0,977,525,
5071,0,0,974,524,
5072,0,0,974,524,
5073,0,0,973,524,
5074,0,0,973,523,
5075,0,0,972,523,
5076,0,0,972,523,
5077,0,0,973,523,
5078,0,0,975,523,
5079,0,0,978,524,
5080,0,0,981,527,
5081,0,0,986,532,
5082,0,0,992,535,
5083,0,0,998,535,
5084,0,0,1002,532,
5085,0,0,1008,527,
5086,0,0,0,0,
5087,0,0,0,0,
5088,0,0,0,0,
5089,0,0,0,0,
5090,0,0,0,0,
5091,0,0,0,0,
5092,0,0,0,0,
5093,0,0,0,0,
5094,0,0,0,0,
5095,0,0,1012,518,
5096,0,0,1012,523,
5097,0,0,1012,522,
5098,0,0,1016,519,
5099,0,0,1016,518,
5100,0,0,0,0,
5101,0,0,0,0,
5102,0,0,0,0,
5103,0,0,0,0,
5104,0,0,1013,511,
5105,0,0,1011,514,
5106,0,0,1009,515,
5107,0,0,1010,514,
5108,0,0,1012,513,
5109,0,0,1015,512,
5110,0,0,1016,513,
5111,0,0,1017,514,
5112,0,0,1016,515,
5113,0,0,1016,516,
5114,0,0,1015,516,
5115,0,0,1016,515,
5116,0,0,1015,514,
5117,0,0,1016,512,
5118,0,0,1017,510,
5119,0,0,1017,509,
5120,0,0,1014,509,
5121,0,0,1012,507,
5122,0,0,1011,503,
5123,0,0,1011,498,
5124,0,0,1012,494,
5125,0,0,1013,490,
5126,0,0,1013,483,
5127,0,0,1013,476,
5128,0,0,1012,470,
5129,0,0,0,0,
5130,0,0,0,0,
5131,0,0,0,0,
5132,0,0,0,0,
5133,0,0,0,0,
5134,0,0,0,0,
5135,0,0,0,0,
5136,0,0,0,0,
5137,0,0,0,0,
5138,0,0,0,0,
5139,0,0,0,0,
5140,0,0,0,0,
5141,0,0,0,0,
5142,0,0,0,0,
5143,1066,489,0,0,
5144,1072,501,0,0,
5145,1077,510,0,0,
5146,1080,512,0,0,
5147,1079,510,0,0,
5148,1069,512,0,0,
5149,1058,515,1236,549,181.22
5150,1051,518,0,0,
5151,0,0,1215,564,
5152,0,0,1208,572,
5153,0,0,1204,574,
5154,0,0,1202,575,
5155,1027,538,1200,574,176.71
5156,0,0,1199,574,
5157,1024,539,1197,573,176.31
5158,0,0,1198,574,
5159,0,0,1200,574,
5160,0,0,1200,573,
5161,0,0,1200,573,
5162,0,0,1200,573,
5163,0,0,1202,572,
5164,0,0,1203,572,
5165,0,0,1205,572,
5166,0,0,1207,572,
5167,0,0,1208,571,
5168,0,0,1210,570,
5169,0,0,1210,569,
5170,0,0,1210,568,
5171,0,0,1210,567,
5172,0,0,1211,567,
5173,0,0,1216,565,
5174,0,0,1219,563,
5175,0,0,1226,564,
5176,0,0,1233,564,
5177,0,0,1241,564,
5178,0,0,1246,565,
5179,0,0,0,0,
5180,0,0,1254,571,
5181,0,0,1263,572,
5182,0,0,1266,571,
5183,0,0,1264,572,
5184,0,0,0,0,
5185,0,0,0,0,
5186,0,0,0,0,
5187,0,0,0,0,
5188,0,0,0,0,
5189,0,0,0,0,
5190,0,0,1236,546,
5191,0,0,1223,541,
5192,0,0,1210,538,
5193,0,0,1198,531,
5194,0,0,1187,530,
5195,0,0,1186,533,
5196,0,0,1191,537,
5197,0,0,1199,540,
5198,0,0,1205,537,
5199,0,0,1216,538,
5200,0,0,1228,539,
5201,0,0,1235,543,
5202,0,0,0,0,
5203,0,0,0,0,
5204,0,0,0,0,
5205,0,0,0,0,
5206,0,0,0,0,
5207,0,0,1226,539,
5208,0,0,1221,541,
5209,0,0,1215,540,
5210,0,0,1205,538,
5211,0,0,1192,539,
5212,0,0,1180,538,
5213,0,0,1171,540,
5214,0,0,1169,544,
5215,0,0,1171,545,
5216,0,0,1179,542,
5217,0,0,1189,541,
5218,0,0,0,0,
5219,0,0,0,0,
5220,0,0,0,0,
5221,0,0,0,0,
5222,0,0,0,0,
5223,0,0,0,0,
5224,0,0,0,0,
5225,0,0,0,0,
5226,0,0,1183,527,
5227,0,0,1171,528,
5228,0,0,1159,529,
5229,0,0,1148,530,
5230,0,0,1136,535,
5231,0,0,1132,539,
5232,0,0,1130,544,
5233,0,0,1133,547,
5234,0,0,1137,548,
5235,0,0,1144,549,
5236,0,0,0,0,
5237,0,0,0,0,
5238,0,0,0,0,
5239,0,0,0,0,
5240,1013,582,0,0,
5241,0,0,0,0,
5242,1003,584,0,0,
5243,0,0,0,0,
5244,0,0,1143,558,
5245,0,0,1134,555,
5246,0,0,1124,553,
5247,0,0,1114,551,
5248,0,0,1106,550,
5249,0,0,1101,549,
5250,0,0,1101,549,
5251,0,0,1107,545,
5252,0,0,1112,538,
5253,0,0,1124,534,
5254,0,0,0,0,
5255,0,0,0,0,
5256,0,0,0,0,
5257,0,0,0,0,
5258,0,0,0,0,
5259,0,0,0,0,
5260,0,0,1121,507,
5261,0,0,1111,506,
5262,0,0,1100,506,
5263,0,0,1086,510,
5264,0,0,1083,517,
5265,0,0,1085,519,
5266,0,0,1092,518,
5267,0,0,1097,520,
5268,0,0,1104,525,
5269,0,0,1112,529,
5270,0,0,1120,529,
5271,0,0,1128,529,
5272,0,0,0,0,
5273,0,0,0,0,
5274,0,0,0,0,
5275,0,0,0,0,
5276,0,0,0,0,
5277,0,0,0,0,
5278,0,0,0,0,
5279,0,0,0,0,
5280,0,0,0,0,
5281,0,0,1041,517,
5282,0,0,1031,521,
5283,0,0,1024,521,
5284,0,0,1024,520,
5285,0,0,1026,521,
5286,0,0,0,0,
5287,0,0,1020,522,
5288,0,0,0,0,
5289,0,0,0,0,
5290,0,0,0,0,
5291,0,0,0,0,
5292,0,0,0,0,
5293,793,521,0,0,
5294,0,0,0,0,
5295,0,0,0,0,
5296,0,0,0,0,
5297,0,0,0,0,
5298,0,0,0,0,
5299,0,0,0,0,
5300,0,0,1013,553,
5301,0,0,0,0,
5302,0,0,0,0,
5303,0,0,0,0,
5304,0,0,0,0,
5305,0,0,0,0,
5306,0,0,0,0,
5307,0,0,0,0,
5308,0,0,1068,574,
5309,0,0,0,0,
5310,0,0,1103,587,
5311,0,0,1116,590,
5312,0,0,1122,595,
5313,0,0,1124,596,
5314,0,0,1129,593,
5315,0,0,1141,587,
5316,0,0,1156,579,
5317,0,0,0,0,
5318,0,0,0,0,
5319,0,0,0,0,
5320,0,0,1254,570,
5321,0,0,1265,575,
5322,0,0,1274,575,
5323,0,0,1276,573,
5324,0,0,1276,571,
5325,0,0,1273,570,
5326,0,0,1268,572,
5327,0,0,1264,572,
5328,0,0,1257,571,
5329,0,0,0,0,
5330,0,0,0,0,
5331,0,0,0,0,
5332,0,0,0,0,
5333,0,0,0,0,
5334,0,0,0,0,
5335,0,0,0,0,
5336,0,0,0,0,
5337,0,0,1229,540,
5338,0,0,1222,539,
5339,0,0,1214,537,
5340,0,0,1206,536,
5341,0,0,1199,534,
5342,0,0,1195,536,
5343,0,0,1196,537,
5344,0,0,1202,541,
5345,0,0,1211,544,
5346,0,0,1217,542,
5347,0,0,1224,543,
5348,0,0,1233,545,
5349,0,0,1239,547,
5350,0,0,1240,548,
5351,0,0,1241,549,
5352,0,0,1241,547,
5353,0,0,1236,542,
5354,0,0,1231,540,
5355,0,0,1224,537,
5356,0,0,1211,534,
5357,0,0,1206,531,
5358,0,0,1201,529,
5359,0,0,1194,527,
5360,0,0,1186,523,
5361,0,0,1177,525,
5362,0,0,1169,531,
5363,0,0,1170,535,
5364,0,0,1178,539,
5365,0,0,1185,536,
5366,0,0,1191,532,
5367,0,0,1201,533,
5368,0,0,1207,534,
5369,0,0,0,0,
5370,0,0,1214,537,
5371,0,0,0,0,
5372,0,0,0,0,
5373,0,0,0,0,
5374,0,0,1200,528,
5375,0,0,1193,528,
5376,0,0,1185,526,
5377,0,0,1177,527,
5378,0,0,1169,527,
5379,0,0,1160,528,
5380,0,0,1149,529,
5381,0,0,1140,533,
5382,0,0,1136,537,
5383,0,0,1136,543,
5384,0,0,1141,547,
5385,0,0,1145,549,
5386,0,0,1151,551,
5387,0,0,1158,555,
5388,0,0,0,0,
5389,1013,575,0,0,
5390,0,0,0,0,
5391,0,0,0,0,
5392,0,0,0,0,
5393,0,0,0,0,
5394,0,0,0,0,
5395,0,0,0,0,
5396,0,0,1146,566,
5397,0,0,1137,565,
5398,0,0,1130,565,
5399,0,0,1119,567,
5400,942,595,1111,573,170.43
5401,932,600,1101,581,170.06
5402,0,0,1098,587,
5403,0,0,1100,595,
5404,0,0,1106,599,
5405,0,0,1122,599,
5406,981,619,1137,593,158.15
5407,1002,610,1153,584,153.22
5408,1021,605,1165,573,147.51
5409,0,0,1171,563,
5410,0,0,1179,558,
5411,0,0,1188,556,
5412,0,0,0,0,
5413,0,0,0,0,
5414,0,0,1260,580,
5415,0,0,1282,588,
5416,0,0,1291,591,
5417,0,0,1297,588,
5418,1163,617,1306,582,147.22
5419,1180,609,1313,572,138.05
5420,0,0,1321,564,
5421,0,0,1337,564,
5422,0,0,1345,565,
5423,0,0,1354,570,
5424,0,0,1357,569,
5425,0,0,1359,565,
5426,0,0,1365,563,
5427,0,0,1374,562,
5428,0,0,1382,566,
5429,0,0,1385,571,
5430,0,0,1389,573,
5431,0,0,1391,572,
5432,0,0,1393,570,
5433,0,0,1399,569,
5434,0,0,1410,573,
5435,0,0,1426,586,
5436,0,0,1442,595,
5437,0,0,1453,604,
5438,0,0,1455,601,
5439,0,0,1458,597,
5440,0,0,1464,590,
5441,0,0,1472,584,
5442,0,0,1476,579,
5443,0,0,1483,579,
5444,0,0,1486,583,
5445,0,0,0,0,
5446,0,0,0,0,
5447,0,0,1495,585,
5448,0,0,1497,582,
5449,0,0,1499,581,
5450,1385,612,1505,576,125.28
5451,0,0,0,0,
5452,0,0,0,0,
5453,0,0,1536,585,
5454,0,0,0,0,
5455,0,0,1562,594,
5456,0,0,1562,593,
5457,1426,623,1563,589,141.16
5458,0,0,1566,585,
5459,1445,610,1570,581,128.32
5460,0,0,1577,577,
5461,0,0,1585,575,
5462,0,0,0,0,
5463,0,0,0,0,
5464,0,0,1621,597,
5465,0,0,1623,601,
5466,0,0,1626,602,
5467,1487,607,1630,601,143.13
5468,0,0,1634,593,
5469,0,0,0,0,
5470,0,0,0,0,
5471,0,0,0,0,
5472,0,0,0,0,
5473,0,0,0,0,
5474,0,0,0,0,
5475,0,0,0,0,
5476,0,0,0,0,
5477,0,0,0,0,
5478,0,0,0,0,
5479,0,0,1210,548,
5480,0,0,1212,554,
5481,0,0,1213,561,
5482,0,0,1215,564,
5483,0,0,1216,570,
5484,0,0,1219,577,
5485,0,0,1224,579,
5486,0,0,1233,579,
5487,0,0,1243,580,
5488,0,0,0,0,
5489,0,0,0,0,
5490,1095,576,0,0,
5491,0,0,0,0,
5492,0,0,0,0,
5493,0,0,0,0,
5494,0,0,0,0,
5495,0,0,1244,561,
5496,0,0,1234,557,
5497,0,0,1227,555,
5498,0,0,1216,551,
5499,0,0,1207,544,
5500,0,0,1201,542,
5501,0,0,1197,544,
5502,0,0,1198,545,
5503,0,0,1203,546,
5504,0,0,1210,546,
5505,0,0,1219,544,
5506,0,0,1234,546,
5507,0,0,1244,547,
5508,0,0,1254,546,
5509,0,0,1256,547,
5510,0,0,1257,547,
5511,0,0,0,0,
5512,0,0,0,0,
5513,0,0,0,0,
5514,0,0,1235,543,
5515,0,0,1227,539,
5516,0,0,1219,536,
5517,0,0,1208,536,
5518,0,0,1197,534,
5519,0,0,1189,531,
5520,0,0,1184,535,
5521,0,0,1183,542,
5522,0,0,1185,548,
5523,0,0,1193,550,
5524,0,0,1198,545,
5525,0,0,1202,541,
5526,0,0,1210,541,
5527,0,0,1214,540,
5528,0,0,0,0,
5529,0,0,0,0,
5530,1068,576,0,0,
5531,1064,573,0,0,
5532,0,0,0,0,
5533,1051,563,0,0,
5534,0,0,0,0,
5535,0,0,1189,531,
5536,0,0,1184,531,
5537,0,0,1175,532,
5538,0,0,1167,535,
5539,0,0,1159,541,
5540,0,0,1150,544,
5541,0,0,1148,547,
5542,0,0,1150,551,
5543,0,0,1150,551,
5544,0,0,1154,555,
5545,0,0,1159,559,
5546,0,0,1162,563,
5547,0,0,1164,571,
5548,1009,581,1164,570,155.39
5549,1009,583,0,0,
5550,1005,584,0,0,
5551,1001,584,0,0,
5552,996,582,0,0,
5553,990,579,1149,564,159.71
5554,980,577,0,0,
5555,0,0,1134,555,
5556,0,0,1124,552,
5557,0,0,1113,549,
5558,0,0,1106,549,
5559,0,0,1101,548,
5560,0,0,1103,548,
5561,0,0,1109,545,
5562,0,0,1116,540,
5563,0,0,1124,535,
5564,0,0,1134,534,
5565,0,0,1142,533,
5566,0,0,0,0,
5567,0,0,0,0,
5568,0,0,0,0,
5569,0,0,0,0,
5570,0,0,0,0,
5571,0,0,1126,518,
5572,0,0,1115,516,
5573,0,0,1103,512,
5574,0,0,1092,512,
5575,0,0,1088,516,
5576,0,0,1090,520,
5577,0,0,1095,522,
5578,0,0,1103,522,
5579,0,0,1111,527,
5580,0,0,1119,530,
5581,0,0,1123,529,
5582,0,0,1131,529,
5583,0,0,1133,527,
5584,0,0,0,0,
5585,0,0,0,0,
5586,0,0,0,0,
5587,0,0,0,0,
5588,0,0,0,0,
5589,0,0,1114,519,
5590,0,0,0,0,
5591,0,0,1073,510,
5592,0,0,1055,507,
5593,0,0,1039,507,
5594,0,0,1030,510,
5595,0,0,1024,511,
5596,0,0,1022,512,
5597,0,0,1024,511,
5598,0,0,1025,515,
5599,0,0,1018,517,
5600,0,0,1005,516,
5601,0,0,0,0,
5602,0,0,979,523,
5603,797,514,972,522,175.18
5604,794,514,969,521,175.14
5605,792,519,966,526,174.14
5606,0,0,965,530,
5607,0,0,972,536,
5608,0,0,982,545,
5609,0,0,992,552,
5610,0,0,1004,554,
5611,0,0,0,0,
5612,0,0,0,0,
5613,0,0,0,0,
5614,0,0,0,0,
5615,0,0,0,0,
5616,0,0,0,0,
5617,0,0,1068,550,
5618,0,0,1076,557,
5619,0,0,1090,564,
5620,0,0,1106,572,
5621,0,0,1122,580,
5622,0,0,1135,586,
5623,0,0,1140,587,
5624,1012,598,1147,585,135.62
5625,1019,598,1152,577,134.65
5626,0,0,1159,568,
5627,0,0,1171,558,
5628,0,0,0,0,
5629,0,0,0,0,
5630,0,0,0,0,
5631,0,0,1277,566,
5632,0,0,1290,573,
5633,0,0,1295,575,
5634,0,0,1295,576,
5635,0,0,1294,575,
5636,0,0,1292,573,
5637,0,0,1287,573,
5638,0,0,1280,572,
5639,0,0,1274,570,
5640,0,0,1270,570,
5641,0,0,0,0,
5642,0,0,0,0,
5643,0,0,0,0,
5644,1118,564,0,0,
5645,1112,559,0,0,
5646,0,0,0,0,
5647,0,0,0,0,
5648,0,0,0,0,
5649,0,0,1229,540,
5650,0,0,1216,536,
5651,0,0,1199,529,
5652,0,0,1191,528,
5653,0,0,1188,530,
5654,0,0,1189,535,
5655,0,0,1195,539,
5656,0,0,1202,541,
5657,0,0,1209,540,
5658,0,0,1222,542,
5659,0,0,1232,543,
5660,0,0,1239,544,
5661,0,0,0,0,
5662,0,0,0,0,
5663,0,0,0,0,
5664,1091,570,0,0,
5665,1087,563,0,0,
5666,0,0,1232,537,
5667,0,0,1225,534,
5668,0,0,1215,532,
5669,1053,527,1206,529,153.01
5670,1043,522,1198,529,155.16
5671,0,0,1190,530,
5672,1028,522,1184,533,156.39
5673,0,0,1178,538,
5674,0,0,1177,542,
5675,0,0,1182,544,
5676,0,0,1186,543,
5677,0,0,1192,540,
5678,0,0,1202,543,
5679,0,0,1209,544,
5680,1064,571,0,0,
5681,1068,574,0,0,
5682,1068,573,0,0,
5683,1066,571,0,0,
5684,1061,565,0,0,
5685,1053,559,0,0,
5686,0,0,0,0,
5687,0,0,1186,533,
5688,0,0,1175,536,
5689,0,0,1163,535,
5690,0,0,1152,535,
5691,0,0,1145,539,
5692,0,0,1139,544,
5693,0,0,1137,548,
5694,0,0,1138,555,
5695,0,0,1141,558,
5696,0,0,1145,559,
5697,0,0,1152,563,
5698,0,0,1161,566,
5699,1012,584,1163,569,151.74
5700,1012,590,0,0,
5701,1013,591,0,0,
5702,1012,592,0,0,
5703,1008,593,0,0,
5704,1004,594,0,0,
5705,998,594,0,0,
5706,992,592,1150,568,159.81
5707,981,592,1146,568,166.74
5708,970,593,1137,569,168.72
5709,958,595,1126,570,169.85
5710,948,596,1115,572,168.72
5711,942,598,1109,576,168.44
5712,937,601,1104,583,167.97
5713,937,604,1102,587,165.87
5714,942,610,1104,591,163.11
5715,947,617,1107,595,161.51
5716,0,0,1115,597,
5717,971,627,1130,599,161.45
5718,984,624,1142,595,160.64
5719,1001,620,1152,587,154.56
5720,1018,615,1165,578,151.58
5721,1040,611,1176,567,142.94
5722,0,0,1181,559,
5723,0,0,1195,560,
5724,0,0,0,0,
5725,0,0,0,0,
5726,0,0,1266,585,
5727,0,0,1285,589,
5728,0,0,1298,592,
5729,0,0,1305,590,
5730,1174,624,1312,584,143.68
5731,1186,616,1318,578,137.36
5732,1201,609,1320,567,126.19
5733,0,0,1330,563,
5734,0,0,1344,565,
5735,0,0,1352,569,
5736,0,0,0,0,
5737,0,0,1360,567,
5738,0,0,1361,565,
5739,0,0,1363,562,
5740,0,0,0,0,
5741,0,0,1380,565,
5742,0,0,1385,569,
5743,0,0,1391,572,
5744,0,0,1392,570,
5745,0,0,1393,565,
5746,0,0,1397,564,
5747,0,0,0,0,
5748,0,0,0,0,
5749,0,0,0,0,
5750,0,0,1447,598,
5751,0,0,1449,598,
5752,0,0,1453,596,
5753,1323,617,1457,590,136.69
5754,1333,611,1462,584,131.8
5755,0,0,1470,579,
5756,0,0,1476,579,
5757,0,0,1482,582,
5758,0,0,1484,586,
5759,0,0,1490,586,
5760,0,0,1493,586,
5761,0,0,1496,586,
5762,0,0,1498,585,
5763,0,0,1500,583,
5764,1379,609,1506,582,129.84
5765,1386,608,1510,579,127.35
5766,1396,605,1517,580,123.56
5767,0,0,1527,578,
5768,0,0,1534,583,
5769,0,0,1544,589,
5770,0,0,1554,593,
5771,0,0,1561,595,
5772,0,0,1559,593,
5773,0,0,1561,592,
5774,1430,616,1565,589,137.67
5775,1439,612,1570,584,133.96
5776,0,0,1573,582,
5777,0,0,1577,578,
5778,0,0,1581,572,
5779,0,0,1589,571,
5780,0,0,0,0,
5781,0,0,1595,581,
5782,0,0,0,0,
5783,0,0,0,0,
5784,1488,613,1626,597,138.92
5785,1489,612,1626,598,137.71
5786,1489,611,1625,599,136.53
5787,1491,611,1627,600,136.44
5788,1491,609,1627,600,136.3
5789,1490,608,1628,599,138.29
5790,1487,607,1630,599,143.22
5791,1485,607,1631,598,146.28
5792,1485,608,1633,599,148.27
5793,1485,608,1636,600,151.21
5794,1484,608,1637,599,153.26
5795,1483,607,1638,598,155.26
5796,1483,606,1638,595,155.39
5797,1483,605,1640,594,157.38
5798,1485,604,1641,593,156.39
5799,1488,598,1644,586,156.46
5800,1495,594,1649,584,154.32
5801,1502,592,1657,581,155.39
5802,1503,589,1660,576,157.54
5803,1504,586,1661,570,157.81
5804,1503,585,1660,565,158.27
5805,1503,583,1660,562,158.4
5806,1504,583,0,0,
5807,1507,581,0,0,
5808,1510,580,0,0,
5809,1513,579,0,0,
5810,1516,578,0,0,
5811,1519,578,0,0,
5812,1523,575,0,0,
5813,1526,573,0,0,
5814,1528,571,0,0,
5815,1528,571,0,0,
5816,1528,571,0,0,
5817,1526,572,0,0,
5818,1524,572,0,0,
5819,1523,573,0,0,
5820,1522,573,0,0,
5821,1523,574,0,0,
5822,1523,574,0,0,
5823,1523,575,0,0,
5824,1524,575,0,0,
5825,1525,576,0,0,
5826,1527,577,0,0,
5827,1532,577,0,0,
5828,1539,577,0,0,
5829,1548,573,0,0,
5830,1555,572,0,0,
5831,1560,572,0,0,
5832,1566,572,0,0,
5833,1573,571,0,0,
5834,1578,572,0,0,
5835,1583,573,0,0,
5836,1587,576,0,0,
5837,1590,581,0,0,
5838,1591,586,0,0,
5839,1589,594,0,0,
5840,1583,605,0,0,
5841,1574,618,0,0,
5842,1561,634,0,0,
5843,1545,650,0,0,
5844,1526,670,0,0,
5845,1502,694,0,0,
5846,1474,720,0,0,
5847,1444,745,0,0,
5848,1410,770,0,0,
5849,0,0,0,0,
5850,0,0,0,0,
5851,0,0,0,0,
5852,0,0,0,0,
5853,0,0,0,0,
5854,0,0,0,0,
5855,0,0,0,0,
5856,0,0,0,0,
5857,0,0,0,0,
5858,0,0,0,0,
5859,0,0,0,0,
5860,0,0,0,0,
5861,0,0,0,0,
5862,0,0,0,0,
5863,0,0,0,0,
5864,0,0,0,0,
5865,0,0,0,0,
5866,0,0,1118,755,
5867,0,0,1109,754,
5868,0,0,1100,757,
5869,0,0,1095,764,
5870,0,0,1090,771,
5871,0,0,0,0,
5872,0,0,0,0,
5873,0,0,0,0,
5874,0,0,0,0,
5875,0,0,0,0,
5876,0,0,0,0,
5877,0,0,0,0,
5878,0,0,0,0,
5879,0,0,0,0,
5880,0,0,0,0,
5881,0,0,0,0,
